#job id,arrival time (sec),topology,shape,size,duration (sec)
0,0.0,CLOS,48,48,720.0
1,5040.0,CLOS,48,48,120.0
2,5340.0,CLOS,48,48,60.0
3,5400.0,CLOS,16,16,60.0
4,5700.0,CLOS,16,16,2640.0
5,6000.0,CLOS,48,48,480.0
6,6660.0,CLOS,48,48,300.0
7,7140.0,CLOS,48,48,480.0
8,7740.0,CLOS,48,48,108720.0
9,8460.0,CLOS,16,16,720.0
10,9420.0,CLOS,16,16,4740.0
11,12540.0,CLOS,256,256,480.0
12,13320.0,CLOS,256,256,360.0
13,13920.0,CLOS,256,256,1020.0
14,15060.0,CLOS,256,256,600.0
15,15660.0,CLOS,16,16,252240.0
16,16020.0,CLOS,4,4,2160.0
17,17580.0,CLOS,256,256,138720.0
18,18960.0,CLOS,4,4,1380.0
19,20220.0,CLOS,4,4,168900.0
20,21360.0,CLOS,8,8,600.0
21,21540.0,CLOS,2,2,0.0
22,21900.0,CLOS,2,2,60.0
23,22080.0,CLOS,4,4,720.0
24,22620.0,CLOS,8,8,600.0
25,22680.0,CLOS,2,2,60.0
26,23160.0,CLOS,8,8,360.0
27,23280.0,CLOS,4,4,27540.0
28,23760.0,CLOS,8,8,120.0
29,23880.0,CLOS,8,8,540.0
30,26760.0,CLOS,2,2,120.0
31,28080.0,CLOS,2,2,420.0
32,30360.0,CLOS,16,16,84120.0
33,30720.0,CLOS,2,2,1020.0
34,32160.0,CLOS,3,3,240.0
35,32160.0,CLOS,3,3,240.0
36,32640.0,CLOS,3,3,240.0
37,32940.0,CLOS,3,3,360.0
38,32940.0,CLOS,3,3,300.0
39,33480.0,CLOS,3,3,2460.0
40,35280.0,CLOS,3,3,660.0
41,35520.0,CLOS,24,24,840.0
42,36420.0,CLOS,3,3,3000.0
43,36780.0,CLOS,6,6,2340.0
44,37500.0,CLOS,6,6,4920.0
45,41460.0,CLOS,8,8,240.0
46,41760.0,CLOS,8,8,180.0
47,43020.0,CLOS,6,6,4980.0
48,43080.0,CLOS,8,8,180.0
49,43380.0,CLOS,8,8,180.0
50,44820.0,CLOS,8,8,6840.0
51,48660.0,CLOS,6,6,480.0
52,50760.0,CLOS,9,9,600.0
53,51540.0,CLOS,9,9,300.0
54,51780.0,CLOS,8,8,180.0
55,53100.0,CLOS,9,9,300.0
56,96660.0,CLOS,64,64,60.0
57,96900.0,CLOS,64,64,0.0
58,97140.0,CLOS,64,64,2580.0
59,98400.0,CLOS,8,8,14100.0
60,99900.0,CLOS,64,64,5220.0
61,105360.0,CLOS,64,64,1560.0
62,107280.0,CLOS,64,64,270660.0
63,115080.0,CLOS,16,16,1320.0
64,116520.0,CLOS,16,16,480.0
65,117240.0,CLOS,16,16,480.0
66,117960.0,CLOS,16,16,1020.0
67,119280.0,CLOS,64,64,300.0
68,119640.0,CLOS,64,64,480.0
69,120420.0,CLOS,64,64,104220.0
70,124920.0,CLOS,8,8,13500.0
71,131220.0,CLOS,48,48,120.0
72,131520.0,CLOS,48,48,43980.0
73,132360.0,CLOS,4,4,52500.0
74,175440.0,CLOS,8,8,1800.0
75,176040.0,CLOS,8,8,11760.0
76,176280.0,CLOS,8,8,695820.0
77,177120.0,CLOS,48,48,96780.0
78,177420.0,CLOS,8,8,120.0
79,178380.0,CLOS,8,8,600.0
80,178560.0,CLOS,1,1,2160.0
81,179160.0,CLOS,8,8,180.0
82,179340.0,CLOS,32,32,240.0
83,179760.0,CLOS,8,8,600.0
84,179820.0,CLOS,32,32,600.0
85,180240.0,CLOS,16,16,300.0
86,180360.0,CLOS,4,4,3060.0
87,180480.0,CLOS,8,8,180.0
88,181080.0,CLOS,1,1,311760.0
89,181200.0,CLOS,16,16,300.0
90,181440.0,CLOS,8,8,12660.0
91,181740.0,CLOS,16,16,1140.0
92,181920.0,CLOS,32,32,180.0
93,182400.0,CLOS,32,32,420.0
94,183300.0,CLOS,16,16,4380.0
95,183840.0,CLOS,4,4,2640.0
96,185760.0,CLOS,8,8,14280.0
97,187860.0,CLOS,16,16,2820.0
98,187920.0,CLOS,32,32,420.0
99,188820.0,CLOS,4,4,0.0
100,189120.0,CLOS,4,4,180.0
101,189600.0,CLOS,8,8,1380.0
102,189600.0,CLOS,4,4,420.0
103,189660.0,CLOS,32,32,120.0
104,190500.0,CLOS,32,32,780.0
105,191220.0,CLOS,8,8,120.0
106,191220.0,CLOS,16,16,1380.0
107,192060.0,CLOS,8,8,180.0
108,192360.0,CLOS,8,8,180.0
109,192480.0,CLOS,8,8,960.0
110,192780.0,CLOS,16,16,960.0
111,193080.0,CLOS,16,16,540.0
112,193500.0,CLOS,8,8,180.0
113,193980.0,CLOS,16,16,780.0
114,194280.0,CLOS,8,8,180.0
115,194400.0,CLOS,16,16,900.0
116,195540.0,CLOS,16,16,600.0
117,196140.0,CLOS,8,8,600.0
118,196500.0,CLOS,8,8,9180.0
119,196920.0,CLOS,8,8,180.0
120,197040.0,CLOS,8,8,58500.0
121,197220.0,CLOS,8,8,58020.0
122,197340.0,CLOS,16,16,180.0
123,199020.0,CLOS,8,8,75060.0
124,199320.0,CLOS,4,4,120.0
125,200040.0,CLOS,256,256,0.0
126,200040.0,CLOS,128,128,6600.0
127,200160.0,CLOS,4,4,180.0
128,200160.0,CLOS,8,8,120.0
129,200220.0,CLOS,256,256,0.0
130,200700.0,CLOS,256,256,120.0
131,201240.0,CLOS,256,256,1980.0
132,201540.0,CLOS,4,4,240.0
133,202320.0,CLOS,8,8,60.0
134,202320.0,CLOS,8,8,60.0
135,202620.0,CLOS,8,8,900.0
136,203220.0,CLOS,4,4,420.0
137,203640.0,CLOS,8,8,180.0
138,203760.0,CLOS,256,256,720.0
139,203880.0,CLOS,8,8,60.0
140,204600.0,CLOS,8,8,180.0
141,204660.0,CLOS,256,256,60.0
142,204660.0,CLOS,4,4,420.0
143,204660.0,CLOS,8,8,240.0
144,204720.0,CLOS,8,8,300.0
145,204720.0,CLOS,8,8,120.0
146,204900.0,CLOS,256,256,360.0
147,204900.0,CLOS,8,8,180.0
148,204960.0,CLOS,8,8,120.0
149,205140.0,CLOS,16,16,269280.0
150,205380.0,CLOS,4,4,420.0
151,205440.0,CLOS,256,256,420.0
152,205800.0,CLOS,8,8,180.0
153,205800.0,CLOS,8,8,180.0
154,205800.0,CLOS,8,8,180.0
155,206100.0,CLOS,8,8,120.0
156,206100.0,CLOS,8,8,180.0
157,206220.0,CLOS,1,1,3600.0
158,206280.0,CLOS,1,1,3600.0
159,206400.0,CLOS,256,256,480.0
160,206820.0,CLOS,128,128,420.0
161,207000.0,CLOS,8,8,180.0
162,207300.0,CLOS,8,8,180.0
163,209340.0,CLOS,6,6,420.0
164,210120.0,CLOS,256,256,1260.0
165,210720.0,CLOS,8,8,240.0
166,211020.0,CLOS,8,8,120.0
167,211620.0,CLOS,8,8,1080.0
168,211620.0,CLOS,256,256,1440.0
169,212580.0,CLOS,8,8,360.0
170,213060.0,CLOS,8,8,120.0
171,213060.0,CLOS,8,8,600.0
172,213420.0,CLOS,1,1,67740.0
173,213780.0,CLOS,8,8,240.0
174,213780.0,CLOS,8,8,120.0
175,214020.0,CLOS,8,8,180.0
176,214080.0,CLOS,8,8,120.0
177,214320.0,CLOS,8,8,180.0
178,215160.0,CLOS,256,256,60.0
179,215160.0,CLOS,8,8,660.0
180,215400.0,CLOS,256,256,540.0
181,215520.0,CLOS,8,8,240.0
182,215880.0,CLOS,8,8,120.0
183,215880.0,CLOS,8,8,180.0
184,216120.0,CLOS,256,256,300.0
185,216540.0,CLOS,256,256,480.0
186,217200.0,CLOS,8,8,540.0
187,217320.0,CLOS,4,4,672240.0
188,217920.0,CLOS,8,8,180.0
189,219120.0,CLOS,8,8,180.0
190,219240.0,CLOS,1,1,1020.0
191,219480.0,CLOS,8,8,180.0
192,220980.0,CLOS,4,4,0.0
193,221160.0,CLOS,4,4,420.0
194,221760.0,CLOS,4,4,360.0
195,222000.0,CLOS,256,256,360.0
196,222720.0,CLOS,4,4,420.0
197,222840.0,CLOS,256,256,1140.0
198,224220.0,CLOS,4,4,53700.0
199,224640.0,CLOS,256,256,0.0
200,224820.0,CLOS,64,64,2520.0
201,225180.0,CLOS,256,256,0.0
202,225780.0,CLOS,256,256,420.0
203,226380.0,CLOS,256,256,60.0
204,227340.0,CLOS,64,64,840.0
205,228300.0,CLOS,64,64,480.0
206,228900.0,CLOS,64,64,46380.0
207,230220.0,CLOS,24,24,58920.0
208,263880.0,CLOS,9,9,900.0
209,264000.0,CLOS,4,4,420.0
210,264240.0,CLOS,8,8,180.0
211,264720.0,CLOS,8,8,0.0
212,265140.0,CLOS,8,8,180.0
213,265560.0,CLOS,8,8,900.0
214,266040.0,CLOS,4,4,420.0
215,266580.0,CLOS,8,8,120.0
216,267600.0,CLOS,8,8,900.0
217,267660.0,CLOS,8,8,180.0
218,267840.0,CLOS,16,16,30900.0
219,267960.0,CLOS,8,8,120.0
220,268020.0,CLOS,256,256,0.0
221,268440.0,CLOS,128,128,85980.0
222,268620.0,CLOS,32,32,0.0
223,268620.0,CLOS,256,256,300.0
224,268620.0,CLOS,8,8,120.0
225,268680.0,CLOS,32,32,60.0
226,268740.0,CLOS,32,32,0.0
227,268860.0,CLOS,32,32,0.0
228,268920.0,CLOS,32,32,300.0
229,269040.0,CLOS,8,8,180.0
230,269160.0,CLOS,32,32,60.0
231,269220.0,CLOS,1,1,1020.0
232,269340.0,CLOS,8,8,180.0
233,269520.0,CLOS,32,32,0.0
234,269640.0,CLOS,256,256,480.0
235,269640.0,CLOS,8,8,180.0
236,269940.0,CLOS,32,32,60.0
237,269940.0,CLOS,8,8,180.0
238,270240.0,CLOS,32,32,60.0
239,270540.0,CLOS,32,32,0.0
240,271800.0,CLOS,24,24,0.0
241,271920.0,CLOS,24,24,60.0
242,273600.0,CLOS,32,32,60.0
243,274320.0,CLOS,8,8,120.0
244,274800.0,CLOS,8,8,540.0
245,275280.0,CLOS,64,64,8880.0
246,275460.0,CLOS,8,8,180.0
247,276420.0,CLOS,8,8,240.0
248,276480.0,CLOS,8,8,60.0
249,276840.0,CLOS,80,80,300.0
250,276840.0,CLOS,8,8,180.0
251,277020.0,CLOS,1,1,0.0
252,277800.0,CLOS,8,8,60.0
253,278160.0,CLOS,80,80,360.0
254,279120.0,CLOS,80,80,23160.0
255,279120.0,CLOS,24,24,240.0
256,279360.0,CLOS,1,1,19560.0
257,279480.0,CLOS,32,32,1380.0
258,279720.0,CLOS,8,8,180.0
259,280080.0,CLOS,8,8,180.0
260,280200.0,CLOS,8,8,180.0
261,280260.0,CLOS,24,24,0.0
262,280800.0,CLOS,24,24,60.0
263,280800.0,CLOS,8,8,180.0
264,280860.0,CLOS,32,32,2700.0
265,280920.0,CLOS,8,8,1560.0
266,281160.0,CLOS,4,4,53280.0
267,281220.0,CLOS,24,24,0.0
268,281340.0,CLOS,16,16,861840.0
269,281400.0,CLOS,16,16,74940.0
270,281460.0,CLOS,2,2,600.0
271,281460.0,CLOS,24,24,60.0
272,282000.0,CLOS,24,24,480.0
273,282240.0,CLOS,32,32,3000.0
274,282480.0,CLOS,16,16,240.0
275,282540.0,CLOS,24,24,16260.0
276,282900.0,CLOS,1,1,120.0
277,282960.0,CLOS,24,24,14760.0
278,283080.0,CLOS,16,16,120.0
279,283380.0,CLOS,16,16,960.0
280,284040.0,CLOS,8,8,74280.0
281,284220.0,CLOS,32,32,1200.0
282,284340.0,CLOS,64,64,72060.0
283,284460.0,CLOS,16,16,1680.0
284,284880.0,CLOS,1,1,420.0
285,285180.0,CLOS,1,1,60.0
286,285300.0,CLOS,1,1,2160.0
287,285600.0,CLOS,8,8,23040.0
288,285660.0,CLOS,4,4,660.0
289,286380.0,CLOS,16,16,3600.0
290,286680.0,CLOS,1,1,360.0
291,287040.0,CLOS,8,8,0.0
292,287220.0,CLOS,8,8,4140.0
293,288120.0,CLOS,8,8,960.0
294,288480.0,CLOS,32,32,780.0
295,288540.0,CLOS,8,8,25560.0
296,288540.0,CLOS,1,1,120.0
297,288600.0,CLOS,1,1,60.0
298,288840.0,CLOS,1,1,60.0
299,289080.0,CLOS,1,1,0.0
300,289320.0,CLOS,1,1,120.0
301,289380.0,CLOS,1,1,60.0
302,289380.0,CLOS,80,80,67260.0
303,289560.0,CLOS,32,32,780.0
304,289620.0,CLOS,1,1,243900.0
305,289740.0,CLOS,2,2,0.0
306,289860.0,CLOS,8,8,5880.0
307,289980.0,CLOS,8,8,240.0
308,290040.0,CLOS,2,2,960.0
309,290220.0,CLOS,16,16,3660.0
310,290280.0,CLOS,8,8,180.0
311,290760.0,CLOS,32,32,780.0
312,291060.0,CLOS,8,8,1020.0
313,291360.0,CLOS,8,8,60.0
314,292020.0,CLOS,2,2,1080.0
315,292080.0,CLOS,8,8,2160.0
316,292200.0,CLOS,2,2,180.0
317,292440.0,CLOS,2,2,0.0
318,292620.0,CLOS,8,8,60.0
319,292800.0,CLOS,8,8,28980.0
320,293160.0,CLOS,32,32,600.0
321,293640.0,CLOS,32,32,3060.0
322,294240.0,CLOS,8,8,60.0
323,295440.0,CLOS,32,32,840.0
324,295920.0,CLOS,1,1,0.0
325,296220.0,CLOS,32,32,3000.0
326,296520.0,CLOS,1,1,0.0
327,296640.0,CLOS,4,4,10140.0
328,297060.0,CLOS,8,8,180.0
329,297120.0,CLOS,8,8,60.0
330,297360.0,CLOS,8,8,180.0
331,297720.0,CLOS,8,8,0.0
332,298080.0,CLOS,24,24,300.0
333,298140.0,CLOS,32,32,0.0
334,298380.0,CLOS,32,32,60.0
335,298560.0,CLOS,32,32,10740.0
336,298740.0,CLOS,8,8,0.0
337,298800.0,CLOS,8,8,240.0
338,299040.0,CLOS,48,48,50940.0
339,299100.0,CLOS,8,8,120.0
340,299280.0,CLOS,16,16,57360.0
341,299340.0,CLOS,8,8,60.0
342,299400.0,CLOS,8,8,0.0
343,299460.0,CLOS,8,8,0.0
344,300180.0,CLOS,8,8,0.0
345,301260.0,CLOS,2,2,0.0
346,301680.0,CLOS,1,1,360.0
347,301860.0,CLOS,1,1,60.0
348,302100.0,CLOS,8,8,180.0
349,302160.0,CLOS,2,2,0.0
350,302340.0,CLOS,1,1,420.0
351,302460.0,CLOS,8,8,120.0
352,302520.0,CLOS,8,8,120.0
353,302520.0,CLOS,80,80,67560.0
354,302880.0,CLOS,1,1,720.0
355,303000.0,CLOS,1,1,1620.0
356,304620.0,CLOS,1,1,20580.0
357,306120.0,CLOS,8,8,180.0
358,306480.0,CLOS,8,8,120.0
359,306960.0,CLOS,4,4,119760.0
360,307560.0,CLOS,8,8,17580.0
361,307920.0,CLOS,8,8,240.0
362,308220.0,CLOS,8,8,180.0
363,310140.0,CLOS,1,1,76800.0
364,310500.0,CLOS,32,32,18480.0
365,312120.0,CLOS,1,1,0.0
366,312420.0,CLOS,8,8,240.0
367,312480.0,CLOS,8,8,240.0
368,312720.0,CLOS,8,8,180.0
369,312780.0,CLOS,8,8,180.0
370,312840.0,CLOS,32,32,24540.0
371,312900.0,CLOS,8,8,240.0
372,313200.0,CLOS,8,8,180.0
373,345240.0,CLOS,4,4,180.0
374,345960.0,CLOS,4,4,420.0
375,347340.0,CLOS,1,1,1380.0
376,348120.0,CLOS,16,16,1680.0
377,349140.0,CLOS,32,32,780.0
378,349260.0,CLOS,32,32,840.0
379,349320.0,CLOS,1,1,20040.0
380,349440.0,CLOS,1,1,60.0
381,349920.0,CLOS,16,16,0.0
382,350100.0,CLOS,48,48,720.0
383,350100.0,CLOS,16,16,0.0
384,350340.0,CLOS,8,8,15780.0
385,351060.0,CLOS,32,32,780.0
386,351420.0,CLOS,48,48,360.0
387,351780.0,CLOS,48,48,180.0
388,351780.0,CLOS,8,8,180.0
389,352140.0,CLOS,8,8,180.0
390,352440.0,CLOS,8,8,180.0
391,352500.0,CLOS,48,48,360.0
392,352740.0,CLOS,8,8,0.0
393,352740.0,CLOS,8,8,180.0
394,352920.0,CLOS,4,4,960.0
395,352920.0,CLOS,48,48,480.0
396,352920.0,CLOS,4,4,63840.0
397,353160.0,CLOS,2,2,780.0
398,353220.0,CLOS,2,2,1080.0
399,353220.0,CLOS,2,2,780.0
400,353340.0,CLOS,2,2,780.0
401,353460.0,CLOS,2,2,720.0
402,353820.0,CLOS,48,48,360.0
403,354180.0,CLOS,2,2,840.0
404,354240.0,CLOS,2,2,840.0
405,354240.0,CLOS,2,2,780.0
406,354240.0,CLOS,48,48,360.0
407,354240.0,CLOS,2,2,840.0
408,354540.0,CLOS,32,32,0.0
409,354660.0,CLOS,48,48,180.0
410,354840.0,CLOS,2,2,1080.0
411,355080.0,CLOS,48,48,360.0
412,355320.0,CLOS,32,32,60.0
413,355500.0,CLOS,48,48,420.0
414,356820.0,CLOS,8,8,180.0
415,357180.0,CLOS,8,8,120.0
416,358260.0,CLOS,8,8,3600.0
417,358440.0,CLOS,8,8,180.0
418,358500.0,CLOS,48,48,5520.0
419,359640.0,CLOS,8,8,60.0
420,360360.0,CLOS,8,8,240.0
421,360420.0,CLOS,32,32,60.0
422,360660.0,CLOS,8,8,180.0
423,360960.0,CLOS,8,8,4860.0
424,361680.0,CLOS,8,8,180.0
425,362040.0,CLOS,8,8,180.0
426,362280.0,CLOS,8,8,600.0
427,362640.0,CLOS,32,32,240.0
428,363360.0,CLOS,8,8,300.0
429,363540.0,CLOS,8,8,300.0
430,363660.0,CLOS,80,80,20520.0
431,363780.0,CLOS,8,8,120.0
432,363780.0,CLOS,8,8,1320.0
433,363900.0,CLOS,32,32,1200.0
434,364080.0,CLOS,48,48,360.0
435,364320.0,CLOS,32,32,360.0
436,364500.0,CLOS,48,48,5520.0
437,364860.0,CLOS,16,16,77280.0
438,364920.0,CLOS,1,1,1200.0
439,364980.0,CLOS,64,64,77220.0
440,365160.0,CLOS,4,4,11820.0
441,365220.0,CLOS,32,32,480.0
442,365280.0,CLOS,400,400,780.0
443,365760.0,CLOS,8,8,15840.0
444,365940.0,CLOS,16,16,240.0
445,366240.0,CLOS,32,32,3840.0
446,366300.0,CLOS,400,400,720.0
447,366300.0,CLOS,32,32,60.0
448,368160.0,CLOS,8,8,2940.0
449,368220.0,CLOS,8,8,3540.0
450,368520.0,CLOS,8,8,7140.0
451,368880.0,CLOS,8,8,180.0
452,369120.0,CLOS,8,8,180.0
453,369120.0,CLOS,8,8,180.0
454,369180.0,CLOS,8,8,0.0
455,369240.0,CLOS,8,8,180.0
456,369480.0,CLOS,8,8,180.0
457,369480.0,CLOS,8,8,180.0
458,369540.0,CLOS,8,8,60.0
459,369900.0,CLOS,8,8,0.0
460,369960.0,CLOS,8,8,180.0
461,370020.0,CLOS,32,32,180.0
462,370080.0,CLOS,48,48,660.0
463,370260.0,CLOS,8,8,120.0
464,370500.0,CLOS,8,8,0.0
465,370560.0,CLOS,32,32,480.0
466,370800.0,CLOS,48,48,65160.0
467,370800.0,CLOS,8,8,240.0
468,371160.0,CLOS,8,8,180.0
469,371280.0,CLOS,8,8,180.0
470,371340.0,CLOS,400,400,3060.0
471,371460.0,CLOS,1,1,23580.0
472,371520.0,CLOS,8,8,3960.0
473,372900.0,CLOS,8,8,0.0
474,372900.0,CLOS,32,32,480.0
475,372960.0,CLOS,8,8,180.0
476,373080.0,CLOS,8,8,420.0
477,373080.0,CLOS,1,1,1140.0
478,373320.0,CLOS,8,8,180.0
479,373560.0,CLOS,32,32,8700.0
480,373620.0,CLOS,8,8,1020.0
481,374400.0,CLOS,1,1,13140.0
482,374640.0,CLOS,256,256,1020.0
483,374640.0,CLOS,8,8,900.0
484,374700.0,CLOS,8,8,67140.0
485,375840.0,CLOS,400,400,720.0
486,376080.0,CLOS,32,32,480.0
487,376140.0,CLOS,8,8,180.0
488,376380.0,CLOS,72,72,466260.0
489,376440.0,CLOS,1,1,0.0
490,376620.0,CLOS,1,1,3480.0
491,376740.0,CLOS,32,32,60.0
492,376800.0,CLOS,400,400,840.0
493,376920.0,CLOS,32,32,480.0
494,376920.0,CLOS,8,8,46740.0
495,377340.0,CLOS,8,8,240.0
496,377400.0,CLOS,8,8,60.0
497,377760.0,CLOS,8,8,120.0
498,377760.0,CLOS,400,400,1080.0
499,377820.0,CLOS,32,32,60.0
500,377880.0,CLOS,32,32,60.0
501,377880.0,CLOS,32,32,480.0
502,378300.0,CLOS,32,32,57300.0
503,378480.0,CLOS,8,8,540.0
504,379200.0,CLOS,8,8,120.0
505,379440.0,CLOS,32,32,2760.0
506,380100.0,CLOS,1,1,57420.0
507,380700.0,CLOS,8,8,60.0
508,381420.0,CLOS,8,8,120.0
509,382320.0,CLOS,8,8,60.0
510,383400.0,CLOS,24,24,9300.0
511,383940.0,CLOS,8,8,60.0
512,384120.0,CLOS,4,4,120.0
513,385080.0,CLOS,8,8,120.0
514,385140.0,CLOS,32,32,4560.0
515,385440.0,CLOS,400,400,1320.0
516,385500.0,CLOS,1,1,180.0
517,385860.0,CLOS,6,6,120.0
518,385980.0,CLOS,8,8,240.0
519,386460.0,CLOS,32,32,3180.0
520,386640.0,CLOS,88,88,300.0
521,387120.0,CLOS,1,1,2700.0
522,387540.0,CLOS,88,88,360.0
523,388560.0,CLOS,80,80,28380.0
524,389820.0,CLOS,1,1,53160.0
525,390240.0,CLOS,32,32,3660.0
526,390300.0,CLOS,400,400,1320.0
527,392640.0,CLOS,64,64,240.0
528,392820.0,CLOS,8,8,49140.0
529,392940.0,CLOS,64,64,49200.0
530,393600.0,CLOS,24,24,47820.0
531,393960.0,CLOS,8,8,0.0
532,394620.0,CLOS,8,8,128640.0
533,395820.0,CLOS,1,1,600.0
534,396480.0,CLOS,1,1,1320.0
535,397920.0,CLOS,464,464,37440.0
536,398820.0,CLOS,1,1,1020.0
537,400320.0,CLOS,32,32,3720.0
538,423720.0,CLOS,16,16,180.0
539,424440.0,CLOS,16,16,180.0
540,424800.0,CLOS,16,16,60.0
541,425220.0,CLOS,16,16,60.0
542,425520.0,CLOS,16,16,60.0
543,426360.0,CLOS,16,16,0.0
544,426480.0,CLOS,16,16,60.0
545,426960.0,CLOS,16,16,0.0
546,427080.0,CLOS,32,32,4440.0
547,427980.0,CLOS,32,32,4500.0
548,429360.0,CLOS,32,32,8640.0
549,432780.0,CLOS,2,2,0.0
550,433560.0,CLOS,8,8,1800.0
551,434220.0,CLOS,32,32,2280.0
552,435480.0,CLOS,8,8,180.0
553,435840.0,CLOS,8,8,240.0
554,436080.0,CLOS,8,8,60.0
555,436380.0,CLOS,32,32,55920.0
556,436560.0,CLOS,256,256,600.0
557,436680.0,CLOS,2,2,0.0
558,436680.0,CLOS,1,1,1140.0
559,436860.0,CLOS,2,2,19320.0
560,436920.0,CLOS,32,32,1080.0
561,436920.0,CLOS,8,8,180.0
562,436980.0,CLOS,8,8,240.0
563,437160.0,CLOS,2,2,0.0
564,437580.0,CLOS,1,1,19860.0
565,437700.0,CLOS,32,32,480.0
566,437700.0,CLOS,400,400,60.0
567,437700.0,CLOS,8,8,900.0
568,437820.0,CLOS,16,16,60.0
569,437940.0,CLOS,400,400,0.0
570,438300.0,CLOS,16,16,60.0
571,438540.0,CLOS,32,32,4500.0
572,439320.0,CLOS,8,8,29700.0
573,439380.0,CLOS,400,400,540.0
574,439560.0,CLOS,8,8,7140.0
575,439620.0,CLOS,8,8,900.0
576,439920.0,CLOS,88,88,1620.0
577,440040.0,CLOS,400,400,240.0
578,440520.0,CLOS,400,400,24060.0
579,440700.0,CLOS,8,8,60.0
580,440940.0,CLOS,8,8,0.0
581,441180.0,CLOS,8,8,420.0
582,441180.0,CLOS,8,8,360.0
583,441240.0,CLOS,2,2,0.0
584,441420.0,CLOS,40,40,480.0
585,441600.0,CLOS,8,8,0.0
586,441600.0,CLOS,2,2,0.0
587,441720.0,CLOS,8,8,180.0
588,441780.0,CLOS,8,8,180.0
589,442440.0,CLOS,8,8,0.0
590,442980.0,CLOS,80,80,21120.0
591,443040.0,CLOS,88,88,101100.0
592,443100.0,CLOS,2,2,5160.0
593,443220.0,CLOS,1,1,16020.0
594,443340.0,CLOS,1,1,1260.0
595,443880.0,CLOS,8,8,94500.0
596,443940.0,CLOS,64,64,102060.0
597,443940.0,CLOS,8,8,60.0
598,443940.0,CLOS,32,32,7080.0
599,444120.0,CLOS,8,8,6540.0
600,444240.0,CLOS,8,8,6720.0
601,444660.0,CLOS,1,1,1380.0
602,445500.0,CLOS,32,32,5460.0
603,445560.0,CLOS,48,48,180.0
604,445860.0,CLOS,48,48,180.0
605,446340.0,CLOS,48,48,180.0
606,447000.0,CLOS,48,48,180.0
607,447600.0,CLOS,1,1,5580.0
608,448800.0,CLOS,48,48,120.0
609,449160.0,CLOS,4,4,0.0
610,449520.0,CLOS,24,24,160320.0
611,449580.0,CLOS,1,1,23460.0
612,450180.0,CLOS,32,32,780.0
613,450600.0,CLOS,4,4,0.0
614,450780.0,CLOS,16,16,720.0
615,451740.0,CLOS,16,16,2280.0
616,452040.0,CLOS,4,4,0.0
617,452100.0,CLOS,48,48,540.0
618,452340.0,CLOS,4,4,83340.0
619,452760.0,CLOS,48,48,45360.0
620,452820.0,CLOS,4,4,60.0
621,453540.0,CLOS,1,1,2040.0
622,453600.0,CLOS,8,8,1740.0
623,453600.0,CLOS,8,8,1560.0
624,453660.0,CLOS,8,8,5520.0
625,453780.0,CLOS,1,1,1980.0
626,454200.0,CLOS,16,16,300.0
627,454440.0,CLOS,32,32,1680.0
628,455280.0,CLOS,8,8,180.0
629,455400.0,CLOS,16,16,4320.0
630,455520.0,CLOS,8,8,180.0
631,456180.0,CLOS,32,32,4200.0
632,456480.0,CLOS,32,32,0.0
633,456540.0,CLOS,2,2,7680.0
634,456660.0,CLOS,32,32,600.0
635,456900.0,CLOS,8,8,1080.0
636,457320.0,CLOS,32,32,420.0
637,457500.0,CLOS,1,1,17940.0
638,457560.0,CLOS,4,4,20640.0
639,457740.0,CLOS,32,32,2640.0
640,459840.0,CLOS,16,16,1800.0
641,460620.0,CLOS,8,8,1560.0
642,461700.0,CLOS,8,8,780.0
643,461760.0,CLOS,16,16,1320.0
644,462540.0,CLOS,1,1,64500.0
645,462660.0,CLOS,4,4,0.0
646,463020.0,CLOS,8,8,2700.0
647,463200.0,CLOS,1,1,240.0
648,463200.0,CLOS,16,16,1260.0
649,463560.0,CLOS,16,16,300.0
650,463740.0,CLOS,8,8,240.0
651,464040.0,CLOS,32,32,300.0
652,464340.0,CLOS,80,80,72120.0
653,464520.0,CLOS,8,8,300.0
654,464700.0,CLOS,448,448,90960.0
655,465240.0,CLOS,1,1,60.0
656,465540.0,CLOS,3,3,180.0
657,465600.0,CLOS,2,2,7860.0
658,465840.0,CLOS,8,8,180.0
659,465900.0,CLOS,2,2,120.0
660,465960.0,CLOS,16,16,1260.0
661,466020.0,CLOS,3,3,61020.0
662,466920.0,CLOS,32,32,300.0
663,467040.0,CLOS,32,32,300.0
664,467460.0,CLOS,32,32,5820.0
665,467940.0,CLOS,1,1,60.0
666,467940.0,CLOS,32,32,5820.0
667,469140.0,CLOS,8,8,315600.0
668,469200.0,CLOS,8,8,180.0
669,470100.0,CLOS,32,32,5820.0
670,470820.0,CLOS,6,6,600.0
671,471000.0,CLOS,32,32,5760.0
672,471540.0,CLOS,8,8,180.0
673,472200.0,CLOS,8,8,1380.0
674,472380.0,CLOS,1,1,1740.0
675,474240.0,CLOS,4,4,27780.0
676,474360.0,CLOS,1,1,1140.0
677,474480.0,CLOS,16,16,6420.0
678,475440.0,CLOS,1,1,86400.0
679,475800.0,CLOS,1,1,1200.0
680,480900.0,CLOS,8,8,1740.0
681,480960.0,CLOS,1,1,60.0
682,481380.0,CLOS,16,16,42840.0
683,481620.0,CLOS,1,1,60.0
684,482700.0,CLOS,8,8,120.0
685,483240.0,CLOS,1,1,120.0
686,486240.0,CLOS,8,8,5940.0
687,488340.0,CLOS,8,8,2700.0
688,491160.0,CLOS,8,8,120.0
689,492360.0,CLOS,8,8,180.0
690,513660.0,CLOS,16,16,7020.0
691,514680.0,CLOS,2,2,300.0
692,514980.0,CLOS,2,2,60.0
693,515700.0,CLOS,2,2,60.0
694,516360.0,CLOS,4,4,0.0
695,516780.0,CLOS,4,4,2880.0
696,518400.0,CLOS,4,4,60.0
697,519900.0,CLOS,48,48,300.0
698,520020.0,CLOS,32,32,19860.0
699,520380.0,CLOS,48,48,2040.0
700,520680.0,CLOS,16,16,7560.0
701,522540.0,CLOS,48,48,3360.0
702,522720.0,CLOS,4,4,0.0
703,522960.0,CLOS,4,4,0.0
704,523320.0,CLOS,4,4,0.0
705,523440.0,CLOS,4,4,60.0
706,523500.0,CLOS,4,4,720.0
707,523980.0,CLOS,4,4,0.0
708,523980.0,CLOS,16,16,480.0
709,524160.0,CLOS,4,4,13980.0
710,524220.0,CLOS,4,4,60.0
711,524280.0,CLOS,16,16,248760.0
712,524280.0,CLOS,32,32,3060.0
713,524460.0,CLOS,4,4,60.0
714,524520.0,CLOS,8,8,1020.0
715,524820.0,CLOS,4,4,206820.0
716,525360.0,CLOS,4,4,0.0
717,525480.0,CLOS,4,4,60.0
718,525600.0,CLOS,1,1,60.0
719,525720.0,CLOS,4,4,1140.0
720,525900.0,CLOS,1,1,420.0
721,526200.0,CLOS,8,8,120.0
722,526500.0,CLOS,8,8,120.0
723,526620.0,CLOS,8,8,15960.0
724,526920.0,CLOS,8,8,120.0
725,527520.0,CLOS,48,48,14580.0
726,527940.0,CLOS,8,8,600.0
727,528120.0,CLOS,1,1,2520.0
728,528300.0,CLOS,8,8,600.0
729,528360.0,CLOS,8,8,480.0
730,528420.0,CLOS,8,8,23700.0
731,528420.0,CLOS,1,1,60.0
732,528660.0,CLOS,8,8,120.0
733,528720.0,CLOS,1,1,186840.0
734,529020.0,CLOS,1,1,188340.0
735,529020.0,CLOS,8,8,180.0
736,530880.0,CLOS,8,8,180.0
737,531120.0,CLOS,8,8,180.0
738,532980.0,CLOS,32,32,480.0
739,533340.0,CLOS,8,8,240.0
740,533820.0,CLOS,16,16,60.0
741,533880.0,CLOS,32,32,6000.0
742,533940.0,CLOS,1,1,120.0
743,534060.0,CLOS,8,8,360.0
744,534120.0,CLOS,1,1,2520.0
745,534180.0,CLOS,32,32,300.0
746,534420.0,CLOS,4,4,4080.0
747,534480.0,CLOS,8,8,600.0
748,534600.0,CLOS,64,64,1080.0
749,534720.0,CLOS,16,16,60.0
750,535140.0,CLOS,8,8,120.0
751,535320.0,CLOS,8,8,600.0
752,535380.0,CLOS,1,1,0.0
753,535380.0,CLOS,1,1,0.0
754,535380.0,CLOS,1,1,0.0
755,535380.0,CLOS,1,1,0.0
756,535980.0,CLOS,1,1,2400.0
757,535980.0,CLOS,8,8,9840.0
758,536520.0,CLOS,16,16,295920.0
759,537600.0,CLOS,1,1,60.0
760,537780.0,CLOS,1,1,2520.0
761,537900.0,CLOS,8,8,240.0
762,538260.0,CLOS,8,8,180.0
763,538380.0,CLOS,1,1,60.0
764,538560.0,CLOS,8,8,293820.0
765,538800.0,CLOS,1,1,120.0
766,538920.0,CLOS,8,8,1380.0
767,539100.0,CLOS,8,8,1200.0
768,539100.0,CLOS,1,1,840.0
769,539100.0,CLOS,64,64,480.0
770,539400.0,CLOS,1,1,2460.0
771,539700.0,CLOS,64,64,360.0
772,539820.0,CLOS,16,16,660.0
773,540120.0,CLOS,1,1,1200.0
774,540180.0,CLOS,32,32,56220.0
775,540420.0,CLOS,8,8,120.0
776,540600.0,CLOS,16,16,3180.0
777,540600.0,CLOS,8,8,240.0
778,540600.0,CLOS,1,1,1080.0
779,540720.0,CLOS,64,64,720.0
780,541140.0,CLOS,8,8,244680.0
781,541500.0,CLOS,64,64,1680.0
782,542160.0,CLOS,48,48,480.0
783,542700.0,CLOS,48,48,247440.0
784,542760.0,CLOS,8,8,180.0
785,543000.0,CLOS,1,1,960.0
786,543300.0,CLOS,1,1,180.0
787,543360.0,CLOS,64,64,16500.0
788,543780.0,CLOS,4,4,180.0
789,543840.0,CLOS,1,1,180.0
790,544200.0,CLOS,64,64,660.0
791,544200.0,CLOS,4,4,4440.0
792,544380.0,CLOS,1,1,180.0
793,544500.0,CLOS,1,1,2340.0
794,544560.0,CLOS,32,32,228420.0
795,545040.0,CLOS,4,4,40740.0
796,545100.0,CLOS,64,64,360.0
797,545100.0,CLOS,4,4,180.0
798,545520.0,CLOS,4,4,240.0
799,545580.0,CLOS,8,8,60.0
800,545760.0,CLOS,8,8,540.0
801,545880.0,CLOS,64,64,9600.0
802,546060.0,CLOS,64,64,360.0
803,546060.0,CLOS,64,64,720.0
804,546120.0,CLOS,4,4,5940.0
805,546420.0,CLOS,8,8,1560.0
806,546480.0,CLOS,4,4,180.0
807,546780.0,CLOS,64,64,360.0
808,546960.0,CLOS,1,1,70320.0
809,547620.0,CLOS,64,64,59280.0
810,548100.0,CLOS,64,64,6660.0
811,548760.0,CLOS,4,4,3060.0
812,549000.0,CLOS,16,16,0.0
813,549060.0,CLOS,16,16,60.0
814,549180.0,CLOS,4,4,180.0
815,549300.0,CLOS,2,2,3480.0
816,549420.0,CLOS,16,16,0.0
817,549540.0,CLOS,8,8,960.0
818,549600.0,CLOS,16,16,0.0
819,549960.0,CLOS,16,16,237780.0
820,550260.0,CLOS,4,4,180.0
821,550680.0,CLOS,24,24,60480.0
822,550680.0,CLOS,8,8,120.0
823,551040.0,CLOS,4,4,16020.0
824,551160.0,CLOS,2,2,3120.0
825,551520.0,CLOS,3,3,7200.0
826,552000.0,CLOS,8,8,180.0
827,552000.0,CLOS,4,4,89940.0
828,552000.0,CLOS,1,1,0.0
829,552180.0,CLOS,12,12,660.0
830,552300.0,CLOS,16,16,86400.0
831,552360.0,CLOS,8,8,180.0
832,553380.0,CLOS,8,8,180.0
833,553560.0,CLOS,12,12,19560.0
834,553740.0,CLOS,64,64,60.0
835,553740.0,CLOS,8,8,180.0
836,553860.0,CLOS,88,88,540.0
837,554040.0,CLOS,8,8,180.0
838,554280.0,CLOS,1,1,60.0
839,554280.0,CLOS,1,1,0.0
840,554280.0,CLOS,1,1,0.0
841,554280.0,CLOS,1,1,0.0
842,554700.0,CLOS,88,88,540.0
843,555480.0,CLOS,64,64,0.0
844,555720.0,CLOS,88,88,480.0
845,555900.0,CLOS,64,64,0.0
846,556200.0,CLOS,64,64,0.0
847,556380.0,CLOS,64,64,2340.0
848,556860.0,CLOS,88,88,60.0
849,557040.0,CLOS,8,8,0.0
850,557100.0,CLOS,88,88,60.0
851,557220.0,CLOS,64,64,12840.0
852,557580.0,CLOS,88,88,60.0
853,557940.0,CLOS,64,64,12360.0
854,558000.0,CLOS,88,88,60.0
855,558300.0,CLOS,88,88,300.0
856,558480.0,CLOS,8,8,240.0
857,558660.0,CLOS,64,64,360.0
858,558660.0,CLOS,64,64,30600.0
859,558900.0,CLOS,88,88,540.0
860,559380.0,CLOS,8,8,0.0
861,559800.0,CLOS,88,88,540.0
862,560580.0,CLOS,12,12,480.0
863,560640.0,CLOS,88,88,660.0
864,561240.0,CLOS,12,12,360.0
865,561300.0,CLOS,1,1,13200.0
866,561360.0,CLOS,1,1,60.0
867,561540.0,CLOS,88,88,480.0
868,562020.0,CLOS,12,12,46380.0
869,562680.0,CLOS,88,88,300.0
870,563220.0,CLOS,8,8,180.0
871,563220.0,CLOS,8,8,0.0
872,563340.0,CLOS,88,88,412620.0
873,563400.0,CLOS,8,8,0.0
874,563520.0,CLOS,8,8,180.0
875,563820.0,CLOS,8,8,3240.0
876,566340.0,CLOS,8,8,240.0
877,566640.0,CLOS,8,8,120.0
878,566700.0,CLOS,16,16,7500.0
879,566820.0,CLOS,16,16,44220.0
880,568020.0,CLOS,64,64,14640.0
881,568680.0,CLOS,8,8,180.0
882,568860.0,CLOS,8,8,420.0
883,568980.0,CLOS,496,496,120.0
884,569460.0,CLOS,8,8,240.0
885,569520.0,CLOS,8,8,180.0
886,569760.0,CLOS,496,496,180.0
887,569760.0,CLOS,8,8,180.0
888,570060.0,CLOS,8,8,180.0
889,570240.0,CLOS,64,64,3000.0
890,570360.0,CLOS,128,128,0.0
891,572220.0,CLOS,128,128,0.0
892,573120.0,CLOS,744,744,3600.0
893,573720.0,CLOS,64,64,14700.0
894,574500.0,CLOS,4,4,60.0
895,574560.0,CLOS,64,64,4380.0
896,574860.0,CLOS,8,8,0.0
897,574920.0,CLOS,120,120,2280.0
898,575220.0,CLOS,4,4,46740.0
899,575520.0,CLOS,8,8,0.0
900,576780.0,CLOS,8,8,0.0
901,577680.0,CLOS,8,8,32580.0
902,577920.0,CLOS,16,16,300.0
903,577980.0,CLOS,16,16,480.0
904,577980.0,CLOS,16,16,540.0
905,577980.0,CLOS,16,16,480.0
906,577980.0,CLOS,16,16,180.0
907,577980.0,CLOS,16,16,180.0
908,577980.0,CLOS,16,16,420.0
909,578400.0,CLOS,32,32,54480.0
910,578580.0,CLOS,32,32,3540.0
911,578580.0,CLOS,48,48,3540.0
912,605940.0,CLOS,1,1,1500.0
913,606420.0,CLOS,1,1,86400.0
914,611160.0,CLOS,64,64,1237860.0
915,616920.0,CLOS,64,64,4500.0
916,618000.0,CLOS,1,1,60.0
917,618420.0,CLOS,1,1,86400.0
918,622140.0,CLOS,1,1,2520.0
919,622380.0,CLOS,128,128,60.0
920,622980.0,CLOS,1,1,2520.0
921,623160.0,CLOS,64,64,4500.0
922,626460.0,CLOS,128,128,0.0
923,626880.0,CLOS,128,128,300.0
924,627240.0,CLOS,64,64,14700.0
925,627300.0,CLOS,504,504,660.0
926,628140.0,CLOS,128,128,240.0
927,628500.0,CLOS,128,128,120.0
928,628680.0,CLOS,128,128,120.0
929,629040.0,CLOS,8,8,180.0
930,629400.0,CLOS,256,256,240.0
931,629760.0,CLOS,8,8,180.0
932,630240.0,CLOS,256,256,240.0
933,630600.0,CLOS,8,8,120.0
934,630960.0,CLOS,256,256,0.0
935,631260.0,CLOS,256,256,360.0
936,631800.0,CLOS,256,256,420.0
937,633240.0,CLOS,64,64,2820.0
938,634020.0,CLOS,8,8,60.0
939,634380.0,CLOS,64,64,16200.0
940,637680.0,CLOS,64,64,1680.0
941,639480.0,CLOS,64,64,120.0
942,639660.0,CLOS,64,64,166980.0
943,654120.0,CLOS,1,1,2520.0
944,655200.0,CLOS,4,4,600.0
945,655800.0,CLOS,64,64,720.0
946,655920.0,CLOS,4,4,1140.0
947,657300.0,CLOS,6,6,1200.0
948,657480.0,CLOS,64,64,727980.0
949,658560.0,CLOS,6,6,37320.0
950,658680.0,CLOS,256,256,960.0
951,659280.0,CLOS,64,64,11040.0
952,663660.0,CLOS,8,8,180.0
953,664080.0,CLOS,256,256,540.0
954,664740.0,CLOS,256,256,300.0
955,665520.0,CLOS,512,512,151140.0
956,666900.0,CLOS,4,4,60.0
957,668280.0,CLOS,4,4,2220.0
958,668460.0,CLOS,4,4,2100.0
959,669120.0,CLOS,4,4,1560.0
960,670500.0,CLOS,4,4,180.0
961,671220.0,CLOS,4,4,3060.0
962,673800.0,CLOS,8,8,1500.0
963,674340.0,CLOS,16,16,900.0
964,674340.0,CLOS,16,16,840.0
965,674340.0,CLOS,16,16,900.0
966,674340.0,CLOS,16,16,900.0
967,674400.0,CLOS,16,16,720.0
968,674400.0,CLOS,16,16,420.0
969,674400.0,CLOS,16,16,660.0
970,674400.0,CLOS,8,8,0.0
971,675480.0,CLOS,128,128,300.0
972,676380.0,CLOS,128,128,39300.0
973,701040.0,CLOS,16,16,360.0
974,701640.0,CLOS,8,8,0.0
975,702120.0,CLOS,8,8,480.0
976,702900.0,CLOS,2,2,420.0
977,703140.0,CLOS,8,8,1260.0
978,703440.0,CLOS,4,4,0.0
979,707040.0,CLOS,4,4,60.0
980,707220.0,CLOS,4,4,480.0
981,707820.0,CLOS,4,4,0.0
982,708000.0,CLOS,4,4,60.0
983,708420.0,CLOS,4,4,120.0
984,708720.0,CLOS,4,4,180.0
985,709020.0,CLOS,4,4,420.0
986,709740.0,CLOS,4,4,420.0
987,710820.0,CLOS,1,1,2460.0
988,711960.0,CLOS,4,4,960.0
989,713640.0,CLOS,4,4,240.0
990,713940.0,CLOS,4,4,480.0
991,714600.0,CLOS,4,4,60.0
992,714840.0,CLOS,4,4,180.0
993,715140.0,CLOS,4,4,120.0
994,715260.0,CLOS,2,2,0.0
995,715380.0,CLOS,4,4,420.0
996,715920.0,CLOS,4,4,660.0
997,716760.0,CLOS,4,4,360.0
998,717240.0,CLOS,4,4,1680.0
999,717960.0,CLOS,8,8,1620.0
1000,718680.0,CLOS,8,8,60.0
1001,719400.0,CLOS,8,8,60.0
1002,719580.0,CLOS,4,4,780.0
1003,720000.0,CLOS,8,8,60.0
1004,720360.0,CLOS,8,8,660.0
1005,721500.0,CLOS,8,8,300.0
1006,722100.0,CLOS,8,8,300.0
1007,722760.0,CLOS,8,8,360.0
1008,723240.0,CLOS,1,1,120.0
1009,724380.0,CLOS,8,8,300.0
1010,724920.0,CLOS,8,8,3360.0
1011,725580.0,CLOS,8,8,660.0
1012,726360.0,CLOS,8,8,180.0
1013,729060.0,CLOS,8,8,900.0
1014,729060.0,CLOS,16,16,1800.0
1015,729120.0,CLOS,16,16,1620.0
1016,729120.0,CLOS,16,16,1620.0
1017,729120.0,CLOS,16,16,1680.0
1018,729120.0,CLOS,16,16,1800.0
1019,729120.0,CLOS,16,16,1800.0
1020,729120.0,CLOS,16,16,1800.0
1021,729660.0,CLOS,8,8,4200.0
1022,731100.0,CLOS,64,64,480.0
1023,731700.0,CLOS,64,64,2520.0
1024,732960.0,CLOS,8,8,1740.0
1025,734340.0,CLOS,8,8,4980.0
1026,734340.0,CLOS,64,64,180.0
1027,734700.0,CLOS,64,64,240.0
1028,734700.0,CLOS,8,8,840.0
1029,735120.0,CLOS,64,64,240.0
1030,735540.0,CLOS,64,64,66300.0
1031,735720.0,CLOS,8,8,180.0
1032,737580.0,CLOS,8,8,1560.0
1033,738420.0,CLOS,8,8,1560.0
1034,738960.0,CLOS,8,8,1620.0
1035,741180.0,CLOS,6,6,300.0
1036,741600.0,CLOS,6,6,37320.0
1037,742260.0,CLOS,8,8,5460.0
1038,743220.0,CLOS,16,16,1860.0
1039,743280.0,CLOS,16,16,1860.0
1040,743280.0,CLOS,16,16,1740.0
1041,743640.0,CLOS,8,8,720.0
1042,744540.0,CLOS,8,8,120.0
1043,745380.0,CLOS,8,8,1860.0
1044,747300.0,CLOS,8,8,420.0
1045,748020.0,CLOS,8,8,5040.0
1046,748200.0,CLOS,8,8,540.0
1047,749160.0,CLOS,8,8,480.0
1048,750000.0,CLOS,8,8,1020.0
1049,751380.0,CLOS,64,64,58680.0
1050,772980.0,CLOS,32,32,7320.0
1051,779040.0,CLOS,1,1,2460.0
1052,780420.0,CLOS,32,32,173340.0
1053,781560.0,CLOS,16,16,1620.0
1054,782340.0,CLOS,12,12,660.0
1055,782580.0,CLOS,16,16,86400.0
1056,782760.0,CLOS,8,8,1140.0
1057,782940.0,CLOS,8,8,540.0
1058,783240.0,CLOS,8,8,720.0
1059,783240.0,CLOS,16,16,1440.0
1060,783480.0,CLOS,8,8,240.0
1061,783600.0,CLOS,12,12,300.0
1062,784140.0,CLOS,8,8,812040.0
1063,784200.0,CLOS,8,8,360.0
1064,784200.0,CLOS,12,12,24300.0
1065,784380.0,CLOS,1,1,2100.0
1066,784560.0,CLOS,1,1,960.0
1067,784800.0,CLOS,16,16,20940.0
1068,784860.0,CLOS,8,8,300.0
1069,785040.0,CLOS,8,8,3180.0
1070,785580.0,CLOS,8,8,120.0
1071,785760.0,CLOS,8,8,180.0
1072,785940.0,CLOS,8,8,300.0
1073,786840.0,CLOS,1,1,60.0
1074,786900.0,CLOS,8,8,720.0
1075,787080.0,CLOS,1,1,720.0
1076,787680.0,CLOS,16,16,120.0
1077,788040.0,CLOS,48,48,420.0
1078,788280.0,CLOS,2,2,98460.0
1079,788400.0,CLOS,8,8,180.0
1080,788460.0,CLOS,16,16,360.0
1081,789060.0,CLOS,8,8,9180.0
1082,789720.0,CLOS,12,12,14640.0
1083,789840.0,CLOS,1,1,18000.0
1084,790740.0,CLOS,48,48,120.0
1085,791100.0,CLOS,8,8,14580.0
1086,791340.0,CLOS,48,48,6300.0
1087,791520.0,CLOS,32,32,60.0
1088,791640.0,CLOS,16,16,240.0
1089,792060.0,CLOS,16,16,240.0
1090,792360.0,CLOS,16,16,360.0
1091,792780.0,CLOS,16,16,1560.0
1092,793860.0,CLOS,32,32,0.0
1093,794100.0,CLOS,32,32,0.0
1094,794460.0,CLOS,32,32,0.0
1095,794880.0,CLOS,16,16,1680.0
1096,796020.0,CLOS,64,64,60.0
1097,796020.0,CLOS,64,64,60.0
1098,796320.0,CLOS,64,64,600.0
1099,796380.0,CLOS,64,64,480.0
1100,796440.0,CLOS,16,16,360.0
1101,797040.0,CLOS,64,64,4980.0
1102,797040.0,CLOS,64,64,4920.0
1103,797280.0,CLOS,1,1,2040.0
1104,797460.0,CLOS,8,8,1020.0
1105,797520.0,CLOS,16,16,60.0
1106,797640.0,CLOS,16,16,360.0
1107,798180.0,CLOS,8,8,240.0
1108,798300.0,CLOS,8,8,180.0
1109,798540.0,CLOS,8,8,120.0
1110,798540.0,CLOS,8,8,120.0
1111,799920.0,CLOS,64,64,2040.0
1112,800040.0,CLOS,4,4,120.0
1113,800220.0,CLOS,4,4,60.0
1114,800460.0,CLOS,4,4,0.0
1115,800580.0,CLOS,8,8,0.0
1116,800700.0,CLOS,48,48,360.0
1117,801120.0,CLOS,4,4,0.0
1118,801120.0,CLOS,4,4,0.0
1119,801180.0,CLOS,48,48,2160.0
1120,801240.0,CLOS,16,16,360.0
1121,801240.0,CLOS,8,8,360.0
1122,801420.0,CLOS,4,4,0.0
1123,801600.0,CLOS,8,8,540.0
1124,801660.0,CLOS,8,8,8640.0
1125,801660.0,CLOS,2,2,120.0
1126,802020.0,CLOS,2,2,300.0
1127,802080.0,CLOS,2,2,300.0
1128,802260.0,CLOS,8,8,120.0
1129,802440.0,CLOS,2,2,4140.0
1130,802500.0,CLOS,8,8,960.0
1131,802860.0,CLOS,32,32,9000.0
1132,802860.0,CLOS,32,32,1860.0
1133,802860.0,CLOS,32,32,9900.0
1134,802860.0,CLOS,1,1,600.0
1135,802920.0,CLOS,32,32,12780.0
1136,802920.0,CLOS,32,32,10980.0
1137,802920.0,CLOS,16,16,10440.0
1138,802920.0,CLOS,32,32,10860.0
1139,802920.0,CLOS,32,32,11820.0
1140,803160.0,CLOS,1,1,85260.0
1141,803400.0,CLOS,48,48,6000.0
1142,803640.0,CLOS,8,8,180.0
1143,804000.0,CLOS,16,16,120.0
1144,804420.0,CLOS,12,12,17280.0
1145,804480.0,CLOS,4,4,0.0
1146,804720.0,CLOS,8,8,0.0
1147,804840.0,CLOS,4,4,0.0
1148,805140.0,CLOS,16,16,120.0
1149,805260.0,CLOS,8,8,720.0
1150,805560.0,CLOS,8,8,2100.0
1151,805800.0,CLOS,16,16,60.0
1152,806040.0,CLOS,64,64,58680.0
1153,806280.0,CLOS,4,4,0.0
1154,806340.0,CLOS,8,8,360.0
1155,806460.0,CLOS,8,8,300.0
1156,806760.0,CLOS,8,8,120.0
1157,806880.0,CLOS,4,4,8880.0
1158,806940.0,CLOS,8,8,1380.0
1159,806940.0,CLOS,4,4,60.0
1160,807120.0,CLOS,32,32,60.0
1161,807120.0,CLOS,8,8,300.0
1162,807420.0,CLOS,32,32,900.0
1163,807480.0,CLOS,2,2,180.0
1164,807480.0,CLOS,2,2,780.0
1165,807540.0,CLOS,32,32,8880.0
1166,807660.0,CLOS,8,8,420.0
1167,807720.0,CLOS,16,16,180.0
1168,808020.0,CLOS,16,16,60.0
1169,808260.0,CLOS,32,32,60.0
1170,808320.0,CLOS,2,2,300.0
1171,808380.0,CLOS,2,2,600.0
1172,808440.0,CLOS,8,8,540.0
1173,808440.0,CLOS,32,32,840.0
1174,808620.0,CLOS,32,32,300.0
1175,808740.0,CLOS,16,16,960.0
1176,808740.0,CLOS,8,8,26280.0
1177,808980.0,CLOS,8,8,18000.0
1178,808980.0,CLOS,32,32,1140.0
1179,809100.0,CLOS,8,8,180.0
1180,809460.0,CLOS,2,2,0.0
1181,809520.0,CLOS,48,48,2040.0
1182,809520.0,CLOS,2,2,360.0
1183,809700.0,CLOS,8,8,3900.0
1184,809820.0,CLOS,8,8,3480.0
1185,810000.0,CLOS,2,2,60.0
1186,810060.0,CLOS,32,32,11700.0
1187,810120.0,CLOS,32,32,10860.0
1188,810180.0,CLOS,64,64,52200.0
1189,810360.0,CLOS,32,32,193620.0
1190,810420.0,CLOS,8,8,180.0
1191,811620.0,CLOS,48,48,420.0
1192,811860.0,CLOS,8,8,1560.0
1193,812220.0,CLOS,48,48,300.0
1194,812580.0,CLOS,8,8,240.0
1195,812580.0,CLOS,48,48,3600.0
1196,812940.0,CLOS,8,8,180.0
1197,813540.0,CLOS,256,256,1500.0
1198,813600.0,CLOS,8,8,180.0
1199,813720.0,CLOS,8,8,180.0
1200,814080.0,CLOS,4,4,0.0
1201,814740.0,CLOS,4,4,163440.0
1202,815820.0,CLOS,256,256,2400.0
1203,816060.0,CLOS,8,8,2100.0
1204,816240.0,CLOS,48,48,300.0
1205,816540.0,CLOS,4,4,60.0
1206,816660.0,CLOS,48,48,480.0
1207,817080.0,CLOS,16,16,780.0
1208,817200.0,CLOS,48,48,780.0
1209,817260.0,CLOS,256,256,2340.0
1210,817500.0,CLOS,16,16,480.0
1211,817560.0,CLOS,32,32,8880.0
1212,817920.0,CLOS,4,4,31680.0
1213,818040.0,CLOS,16,16,420.0
1214,818100.0,CLOS,48,48,360.0
1215,818160.0,CLOS,8,8,780.0
1216,818160.0,CLOS,8,8,8580.0
1217,818340.0,CLOS,32,32,18480.0
1218,818340.0,CLOS,8,8,180.0
1219,818520.0,CLOS,16,16,120.0
1220,818520.0,CLOS,48,48,48300.0
1221,818760.0,CLOS,16,16,180.0
1222,818940.0,CLOS,16,16,720.0
1223,819480.0,CLOS,2,2,0.0
1224,819600.0,CLOS,1,1,420.0
1225,819660.0,CLOS,16,16,1680.0
1226,819900.0,CLOS,2,2,0.0
1227,820080.0,CLOS,1,1,60.0
1228,820740.0,CLOS,8,8,1620.0
1229,820920.0,CLOS,16,16,180.0
1230,821220.0,CLOS,256,256,60.0
1231,821640.0,CLOS,8,8,660.0
1232,821820.0,CLOS,8,8,180.0
1233,822060.0,CLOS,256,256,180.0
1234,822120.0,CLOS,8,8,180.0
1235,822540.0,CLOS,1,1,0.0
1236,822540.0,CLOS,8,8,180.0
1237,822600.0,CLOS,12,12,32580.0
1238,822660.0,CLOS,256,256,360.0
1239,823860.0,CLOS,256,256,540.0
1240,824580.0,CLOS,256,256,420.0
1241,825060.0,CLOS,256,256,60.0
1242,825300.0,CLOS,256,256,360.0
1243,826860.0,CLOS,8,8,120.0
1244,828060.0,CLOS,8,8,240.0
1245,830160.0,CLOS,8,8,180.0
1246,830520.0,CLOS,8,8,180.0
1247,830580.0,CLOS,32,32,360.0
1248,831000.0,CLOS,32,32,9780.0
1249,832560.0,CLOS,32,32,9780.0
1250,832680.0,CLOS,32,32,360.0
1251,832980.0,CLOS,32,32,14640.0
1252,833160.0,CLOS,56,56,2160.0
1253,835380.0,CLOS,64,64,61200.0
1254,862920.0,CLOS,32,32,180.0
1255,863220.0,CLOS,32,32,6900.0
1256,863940.0,CLOS,4,4,60.0
1257,864900.0,CLOS,4,4,0.0
1258,865920.0,CLOS,16,16,3720.0
1259,866880.0,CLOS,8,8,29040.0
1260,866940.0,CLOS,1,1,780.0
1261,866940.0,CLOS,8,8,109920.0
1262,866940.0,CLOS,48,48,600.0
1263,867660.0,CLOS,48,48,2700.0
1264,867660.0,CLOS,2,2,720.0
1265,867720.0,CLOS,1,1,60.0
1266,868140.0,CLOS,2,2,60.0
1267,868140.0,CLOS,2,2,60.0
1268,868200.0,CLOS,8,8,600.0
1269,868320.0,CLOS,2,2,420.0
1270,868500.0,CLOS,256,256,840.0
1271,868620.0,CLOS,1,1,420.0
1272,868680.0,CLOS,1,1,420.0
1273,868680.0,CLOS,1,1,5220.0
1274,868740.0,CLOS,1,1,6300.0
1275,868920.0,CLOS,8,8,180.0
1276,868980.0,CLOS,32,32,8940.0
1277,869040.0,CLOS,2,2,180.0
1278,869460.0,CLOS,8,8,31200.0
1279,869520.0,CLOS,1,1,420.0
1280,869580.0,CLOS,256,256,900.0
1281,869760.0,CLOS,8,8,189180.0
1282,870000.0,CLOS,16,16,11040.0
1283,870300.0,CLOS,2,2,0.0
1284,870360.0,CLOS,8,8,660.0
1285,870360.0,CLOS,8,8,540.0
1286,870480.0,CLOS,48,48,1200.0
1287,870600.0,CLOS,4,4,0.0
1288,870720.0,CLOS,1,1,420.0
1289,871020.0,CLOS,32,32,9840.0
1290,871080.0,CLOS,8,8,180.0
1291,871140.0,CLOS,8,8,180.0
1292,871200.0,CLOS,256,256,480.0
1293,871200.0,CLOS,1,1,60.0
1294,871680.0,CLOS,4,4,0.0
1295,871740.0,CLOS,48,48,6900.0
1296,871800.0,CLOS,256,256,780.0
1297,871860.0,CLOS,2,2,0.0
1298,871860.0,CLOS,1,1,420.0
1299,872160.0,CLOS,4,4,14460.0
1300,872340.0,CLOS,1,1,60.0
1301,872580.0,CLOS,2,2,0.0
1302,872880.0,CLOS,2,2,60.0
1303,873240.0,CLOS,2,2,0.0
1304,873420.0,CLOS,8,8,0.0
1305,873480.0,CLOS,8,8,12180.0
1306,873600.0,CLOS,16,16,360.0
1307,873780.0,CLOS,256,256,600.0
1308,873900.0,CLOS,8,8,0.0
1309,873960.0,CLOS,1,1,300.0
1310,874080.0,CLOS,16,16,1740.0
1311,874200.0,CLOS,8,8,1560.0
1312,874560.0,CLOS,256,256,240.0
1313,874860.0,CLOS,256,256,240.0
1314,875040.0,CLOS,1,1,240.0
1315,875100.0,CLOS,2,2,0.0
1316,875400.0,CLOS,2,2,0.0
1317,875400.0,CLOS,256,256,120.0
1318,875580.0,CLOS,32,32,60.0
1319,875940.0,CLOS,32,32,300.0
1320,876660.0,CLOS,8,8,840.0
1321,877020.0,CLOS,32,32,9720.0
1322,877560.0,CLOS,2,2,300.0
1323,877620.0,CLOS,8,8,180.0
1324,877800.0,CLOS,2,2,120.0
1325,877800.0,CLOS,8,8,0.0
1326,878040.0,CLOS,8,8,3600.0
1327,878340.0,CLOS,8,8,420.0
1328,878640.0,CLOS,32,32,60.0
1329,878760.0,CLOS,48,48,77580.0
1330,878880.0,CLOS,1,1,780.0
1331,878880.0,CLOS,8,8,120.0
1332,879060.0,CLOS,32,32,180.0
1333,880800.0,CLOS,256,256,720.0
1334,881100.0,CLOS,8,8,300.0
1335,881520.0,CLOS,8,8,1560.0
1336,881520.0,CLOS,8,8,120.0
1337,881640.0,CLOS,256,256,540.0
1338,881700.0,CLOS,8,8,360.0
1339,882120.0,CLOS,8,8,70620.0
1340,882300.0,CLOS,256,256,420.0
1341,882480.0,CLOS,2,2,4140.0
1342,882540.0,CLOS,256,256,420.0
1343,882900.0,CLOS,256,256,60.0
1344,882960.0,CLOS,8,8,840.0
1345,883080.0,CLOS,256,256,420.0
1346,883200.0,CLOS,8,8,180.0
1347,883320.0,CLOS,256,256,660.0
1348,883320.0,CLOS,8,8,420.0
1349,883440.0,CLOS,2,2,120.0
1350,883680.0,CLOS,256,256,1500.0
1351,883920.0,CLOS,8,8,120.0
1352,883920.0,CLOS,8,8,14100.0
1353,883920.0,CLOS,2,2,420.0
1354,883980.0,CLOS,8,8,180.0
1355,884040.0,CLOS,8,8,300.0
1356,884040.0,CLOS,8,8,0.0
1357,884460.0,CLOS,8,8,120.0
1358,884460.0,CLOS,2,2,600.0
1359,884640.0,CLOS,256,256,10860.0
1360,884820.0,CLOS,8,8,240.0
1361,885420.0,CLOS,256,256,840.0
1362,885540.0,CLOS,8,8,14100.0
1363,885720.0,CLOS,8,8,840.0
1364,885720.0,CLOS,8,8,1860.0
1365,885780.0,CLOS,32,32,1200.0
1366,885780.0,CLOS,8,8,34560.0
1367,886080.0,CLOS,8,8,14160.0
1368,886680.0,CLOS,4,4,420.0
1369,886680.0,CLOS,4,4,7020.0
1370,886800.0,CLOS,256,256,240.0
1371,887040.0,CLOS,32,32,2580.0
1372,887220.0,CLOS,4,4,240.0
1373,887460.0,CLOS,4,4,60.0
1374,887640.0,CLOS,1,1,600.0
1375,887760.0,CLOS,1,1,60.0
1376,887940.0,CLOS,1,1,240.0
1377,888180.0,CLOS,2,2,2280.0
1378,888240.0,CLOS,1,1,60.0
1379,888240.0,CLOS,8,8,1740.0
1380,888300.0,CLOS,8,8,540.0
1381,888480.0,CLOS,8,8,900.0
1382,888540.0,CLOS,2,2,60.0
1383,888540.0,CLOS,2,2,240.0
1384,888540.0,CLOS,8,8,1980.0
1385,888600.0,CLOS,1,1,900.0
1386,888600.0,CLOS,12,12,0.0
1387,888660.0,CLOS,8,8,900.0
1388,888960.0,CLOS,8,8,180.0
1389,889080.0,CLOS,4,4,0.0
1390,889440.0,CLOS,8,8,900.0
1391,889440.0,CLOS,8,8,840.0
1392,889500.0,CLOS,8,8,180.0
1393,889560.0,CLOS,1,1,300.0
1394,889680.0,CLOS,8,8,120.0
1395,889680.0,CLOS,32,32,120.0
1396,889740.0,CLOS,32,32,0.0
1397,889860.0,CLOS,8,8,840.0
1398,889920.0,CLOS,1,1,5880.0
1399,889920.0,CLOS,32,32,1680.0
1400,889980.0,CLOS,32,32,0.0
1401,890100.0,CLOS,4,4,1200.0
1402,890100.0,CLOS,8,8,900.0
1403,890100.0,CLOS,8,8,840.0
1404,890220.0,CLOS,32,32,60.0
1405,890460.0,CLOS,8,8,120.0
1406,890460.0,CLOS,8,8,180.0
1407,890520.0,CLOS,32,32,0.0
1408,890640.0,CLOS,72,72,60.0
1409,890700.0,CLOS,8,8,900.0
1410,890880.0,CLOS,1,1,300.0
1411,890880.0,CLOS,8,8,120.0
1412,890940.0,CLOS,72,72,0.0
1413,890940.0,CLOS,6,6,98700.0
1414,891000.0,CLOS,1,1,120.0
1415,891120.0,CLOS,8,8,120.0
1416,891120.0,CLOS,1,1,60.0
1417,891180.0,CLOS,1,1,300.0
1418,891240.0,CLOS,72,72,60.0
1419,891360.0,CLOS,8,8,180.0
1420,891420.0,CLOS,32,32,360.0
1421,891480.0,CLOS,72,72,480.0
1422,891720.0,CLOS,256,256,600.0
1423,891780.0,CLOS,8,8,180.0
1424,891840.0,CLOS,8,8,1620.0
1425,892200.0,CLOS,32,32,360.0
1426,892500.0,CLOS,32,32,360.0
1427,892560.0,CLOS,72,72,480.0
1428,892680.0,CLOS,32,32,1080.0
1429,893040.0,CLOS,32,32,9900.0
1430,893400.0,CLOS,8,8,900.0
1431,893520.0,CLOS,8,8,180.0
1432,893640.0,CLOS,8,8,660.0
1433,893880.0,CLOS,32,32,360.0
1434,893880.0,CLOS,32,32,9900.0
1435,893880.0,CLOS,256,256,60.0
1436,893940.0,CLOS,32,32,360.0
1437,894300.0,CLOS,32,32,46500.0
1438,894360.0,CLOS,16,16,77700.0
1439,894360.0,CLOS,32,32,1860.0
1440,894420.0,CLOS,8,8,120.0
1441,894480.0,CLOS,16,16,120.0
1442,894720.0,CLOS,8,8,840.0
1443,894900.0,CLOS,72,72,120.0
1444,894960.0,CLOS,32,32,36240.0
1445,895080.0,CLOS,16,16,1260.0
1446,895200.0,CLOS,72,72,6780.0
1447,895260.0,CLOS,32,32,480.0
1448,895440.0,CLOS,4,4,60.0
1449,895620.0,CLOS,128,128,7800.0
1450,895680.0,CLOS,1,1,300.0
1451,895740.0,CLOS,8,8,120.0
1452,895860.0,CLOS,4,4,60.0
1453,895920.0,CLOS,8,8,1200.0
1454,896040.0,CLOS,1,1,300.0
1455,896040.0,CLOS,32,32,9840.0
1456,896160.0,CLOS,4,4,60.0
1457,896160.0,CLOS,32,32,1560.0
1458,896340.0,CLOS,32,32,1200.0
1459,896340.0,CLOS,4,4,240.0
1460,896340.0,CLOS,32,32,360.0
1461,896340.0,CLOS,32,32,900.0
1462,896760.0,CLOS,64,64,360.0
1463,896940.0,CLOS,32,32,900.0
1464,897000.0,CLOS,4,4,180.0
1465,897120.0,CLOS,8,8,900.0
1466,897180.0,CLOS,4,4,120.0
1467,897300.0,CLOS,64,64,322920.0
1468,897420.0,CLOS,32,32,8880.0
1469,898140.0,CLOS,8,8,120.0
1470,898140.0,CLOS,8,8,240.0
1471,898320.0,CLOS,32,32,2220.0
1472,898500.0,CLOS,8,8,180.0
1473,899220.0,CLOS,32,32,300.0
1474,899220.0,CLOS,32,32,720.0
1475,899520.0,CLOS,16,16,960.0
1476,900480.0,CLOS,1,1,300.0
1477,900720.0,CLOS,8,8,60.0
1478,900780.0,CLOS,8,8,180.0
1479,900840.0,CLOS,1,1,300.0
1480,900840.0,CLOS,32,32,1320.0
1481,901560.0,CLOS,32,32,586140.0
1482,901680.0,CLOS,8,8,60.0
1483,901740.0,CLOS,32,32,9900.0
1484,902280.0,CLOS,4,4,180.0
1485,902760.0,CLOS,32,32,9900.0
1486,903120.0,CLOS,1,1,60.0
1487,903300.0,CLOS,72,72,63840.0
1488,903300.0,CLOS,1,1,60.0
1489,903420.0,CLOS,64,64,5160.0
1490,904200.0,CLOS,512,512,300.0
1491,904440.0,CLOS,8,8,0.0
1492,904500.0,CLOS,8,8,1380.0
1493,904800.0,CLOS,2,2,1440.0
1494,904860.0,CLOS,256,256,0.0
1495,904860.0,CLOS,512,512,360.0
1496,904920.0,CLOS,8,8,120.0
1497,905040.0,CLOS,8,8,74640.0
1498,905640.0,CLOS,512,512,180.0
1499,905820.0,CLOS,1,1,120.0
1500,905940.0,CLOS,1,1,60.0
1501,906120.0,CLOS,8,8,840.0
1502,906180.0,CLOS,4,4,360.0
1503,906300.0,CLOS,512,512,360.0
1504,906660.0,CLOS,8,8,420.0
1505,906720.0,CLOS,8,8,0.0
1506,906900.0,CLOS,512,512,360.0
1507,907080.0,CLOS,8,8,60.0
1508,907560.0,CLOS,8,8,60.0
1509,907680.0,CLOS,16,16,120.0
1510,908220.0,CLOS,8,8,0.0
1511,908520.0,CLOS,8,8,2160.0
1512,908700.0,CLOS,256,256,60060.0
1513,909120.0,CLOS,512,512,0.0
1514,909180.0,CLOS,16,16,120.0
1515,909840.0,CLOS,8,8,60.0
1516,910140.0,CLOS,8,8,120.0
1517,910440.0,CLOS,40,40,576180.0
1518,910620.0,CLOS,8,8,0.0
1519,910800.0,CLOS,8,8,120.0
1520,910980.0,CLOS,16,16,60.0
1521,911040.0,CLOS,8,8,0.0
1522,911400.0,CLOS,8,8,60.0
1523,911580.0,CLOS,8,8,120.0
1524,911580.0,CLOS,512,512,60.0
1525,911760.0,CLOS,8,8,300.0
1526,912120.0,CLOS,512,512,420.0
1527,912840.0,CLOS,512,512,300.0
1528,912960.0,CLOS,8,8,1082040.0
1529,913140.0,CLOS,512,512,240.0
1530,914820.0,CLOS,8,8,14160.0
1531,920520.0,CLOS,8,8,180.0
1532,929160.0,CLOS,8,8,180.0
1533,948360.0,CLOS,8,8,1080.0
1534,949620.0,CLOS,8,8,180.0
1535,952500.0,CLOS,1,1,480.0
1536,952860.0,CLOS,32,32,19380.0
1537,953400.0,CLOS,16,16,480.0
1538,953580.0,CLOS,32,32,1200.0
1539,953640.0,CLOS,8,8,6060.0
1540,953880.0,CLOS,16,16,189420.0
1541,954360.0,CLOS,1,1,2880.0
1542,954360.0,CLOS,32,32,540.0
1543,954360.0,CLOS,1,1,480.0
1544,954600.0,CLOS,8,8,1500.0
1545,954660.0,CLOS,4,4,53640.0
1546,954900.0,CLOS,1,1,1740.0
1547,954900.0,CLOS,8,8,0.0
1548,955020.0,CLOS,256,256,0.0
1549,955140.0,CLOS,16,16,360.0
1550,955200.0,CLOS,32,32,12300.0
1551,955560.0,CLOS,512,512,300.0
1552,955620.0,CLOS,8,8,300.0
1553,955740.0,CLOS,16,16,11160.0
1554,956040.0,CLOS,8,8,120.0
1555,956160.0,CLOS,8,8,390780.0
1556,956220.0,CLOS,8,8,23460.0
1557,956460.0,CLOS,32,32,60.0
1558,956520.0,CLOS,8,8,37980.0
1559,956700.0,CLOS,8,8,6060.0
1560,957300.0,CLOS,8,8,20940.0
1561,957420.0,CLOS,256,256,60.0
1562,957600.0,CLOS,16,16,1680.0
1563,957600.0,CLOS,8,8,360.0
1564,957600.0,CLOS,48,48,13200.0
1565,957900.0,CLOS,32,32,60.0
1566,957960.0,CLOS,256,256,660.0
1567,958260.0,CLOS,32,32,540.0
1568,958500.0,CLOS,1,1,240.0
1569,958740.0,CLOS,256,256,660.0
1570,959460.0,CLOS,256,256,1080.0
1571,959520.0,CLOS,8,8,26460.0
1572,959640.0,CLOS,16,16,240.0
1573,960000.0,CLOS,32,32,1320.0
1574,960000.0,CLOS,8,8,1020.0
1575,960240.0,CLOS,256,256,300.0
1576,960480.0,CLOS,1,1,11520.0
1577,960660.0,CLOS,256,256,1860.0
1578,960780.0,CLOS,4,4,7680.0
1579,960900.0,CLOS,32,32,4380.0
1580,961080.0,CLOS,4,4,2820.0
1581,961200.0,CLOS,16,16,1680.0
1582,961320.0,CLOS,8,8,0.0
1583,961980.0,CLOS,8,8,0.0
1584,963480.0,CLOS,8,8,8880.0
1585,963960.0,CLOS,4,4,9900.0
1586,965820.0,CLOS,8,8,240.0
1587,966000.0,CLOS,32,32,60.0
1588,966240.0,CLOS,256,256,0.0
1589,966480.0,CLOS,32,32,120.0
1590,966660.0,CLOS,256,256,120.0
1591,966840.0,CLOS,256,256,840.0
1592,966900.0,CLOS,32,32,660.0
1593,967260.0,CLOS,72,72,420.0
1594,967500.0,CLOS,8,8,3120.0
1595,967800.0,CLOS,72,72,3420.0
1596,968880.0,CLOS,32,32,60.0
1597,969060.0,CLOS,256,256,480.0
1598,969120.0,CLOS,8,8,780.0
1599,969120.0,CLOS,32,32,15960.0
1600,969180.0,CLOS,2,2,60.0
1601,969420.0,CLOS,2,2,2820.0
1602,969480.0,CLOS,8,8,900.0
1603,969600.0,CLOS,8,8,240.0
1604,969960.0,CLOS,8,8,120.0
1605,970020.0,CLOS,32,32,20580.0
1606,970500.0,CLOS,8,8,180.0
1607,970620.0,CLOS,8,8,3780.0
1608,970740.0,CLOS,64,64,0.0
1609,970920.0,CLOS,24,24,4800.0
1610,971100.0,CLOS,64,64,0.0
1611,971400.0,CLOS,8,8,3300.0
1612,971580.0,CLOS,64,64,0.0
1613,971700.0,CLOS,256,256,360.0
1614,971940.0,CLOS,8,8,7800.0
1615,972000.0,CLOS,8,8,240.0
1616,972120.0,CLOS,8,8,60.0
1617,972180.0,CLOS,64,64,0.0
1618,972180.0,CLOS,8,8,300.0
1619,972240.0,CLOS,1,1,1440.0
1620,972300.0,CLOS,32,32,4560.0
1621,972360.0,CLOS,8,8,300.0
1622,972360.0,CLOS,72,72,85320.0
1623,972480.0,CLOS,8,8,180.0
1624,972600.0,CLOS,8,8,120.0
1625,972840.0,CLOS,256,256,120.0
1626,972900.0,CLOS,8,8,360.0
1627,973020.0,CLOS,1,1,19680.0
1628,973200.0,CLOS,256,256,60.0
1629,973320.0,CLOS,8,8,480.0
1630,973680.0,CLOS,1,1,720.0
1631,973980.0,CLOS,64,64,0.0
1632,974400.0,CLOS,64,64,60.0
1633,974400.0,CLOS,8,8,0.0
1634,974520.0,CLOS,8,8,180.0
1635,975000.0,CLOS,64,64,60.0
1636,975000.0,CLOS,1,1,600.0
1637,975240.0,CLOS,16,16,840.0
1638,975300.0,CLOS,64,64,120.0
1639,975300.0,CLOS,8,8,120.0
1640,975300.0,CLOS,8,8,120.0
1641,975420.0,CLOS,8,8,1080.0
1642,975540.0,CLOS,4,4,1320.0
1643,975720.0,CLOS,64,64,120.0
1644,975720.0,CLOS,24,24,6480.0
1645,975720.0,CLOS,1,1,1560.0
1646,975840.0,CLOS,8,8,120.0
1647,976380.0,CLOS,80,80,80340.0
1648,976380.0,CLOS,1,1,180.0
1649,976440.0,CLOS,8,8,240.0
1650,976560.0,CLOS,8,8,120.0
1651,976560.0,CLOS,8,8,180.0
1652,976740.0,CLOS,1,1,240.0
1653,976860.0,CLOS,8,8,120.0
1654,976920.0,CLOS,64,64,103260.0
1655,977100.0,CLOS,1,1,3660.0
1656,977340.0,CLOS,8,8,600.0
1657,977340.0,CLOS,4,4,18360.0
1658,977400.0,CLOS,1,1,7200.0
1659,977580.0,CLOS,1,1,1080.0
1660,977760.0,CLOS,4,4,6180.0
1661,977820.0,CLOS,1,1,120.0
1662,977940.0,CLOS,1,1,0.0
1663,978180.0,CLOS,256,256,120.0
1664,978480.0,CLOS,2,2,120.0
1665,978540.0,CLOS,2,2,60.0
1666,978660.0,CLOS,256,256,60.0
1667,979260.0,CLOS,8,8,540.0
1668,979620.0,CLOS,256,256,240.0
1669,979680.0,CLOS,4,4,47880.0
1670,979860.0,CLOS,8,8,180.0
1671,979980.0,CLOS,256,256,360.0
1672,980220.0,CLOS,2,2,300.0
1673,980220.0,CLOS,2,2,180.0
1674,980460.0,CLOS,256,256,480.0
1675,980820.0,CLOS,8,8,34560.0
1676,981000.0,CLOS,256,256,240.0
1677,981240.0,CLOS,8,8,180.0
1678,981300.0,CLOS,8,8,1440.0
1679,981360.0,CLOS,8,8,600.0
1680,981360.0,CLOS,256,256,240.0
1681,981720.0,CLOS,256,256,480.0
1682,981780.0,CLOS,8,8,180.0
1683,981840.0,CLOS,64,64,120.0
1684,982020.0,CLOS,8,8,180.0
1685,982140.0,CLOS,8,8,1320.0
1686,982260.0,CLOS,48,48,55620.0
1687,982320.0,CLOS,4,4,1020.0
1688,982620.0,CLOS,256,256,0.0
1689,982740.0,CLOS,8,8,1140.0
1690,982860.0,CLOS,256,256,0.0
1691,982920.0,CLOS,8,8,120.0
1692,983520.0,CLOS,8,8,1500.0
1693,983520.0,CLOS,1,1,2220.0
1694,983700.0,CLOS,16,16,1920.0
1695,984240.0,CLOS,8,8,420.0
1696,985740.0,CLOS,256,256,60.0
1697,985800.0,CLOS,4,4,35280.0
1698,986040.0,CLOS,8,8,120.0
1699,986220.0,CLOS,8,8,2820.0
1700,986220.0,CLOS,256,256,480.0
1701,986820.0,CLOS,256,256,420.0
1702,987360.0,CLOS,256,256,720.0
1703,987420.0,CLOS,64,64,1020.0
1704,987420.0,CLOS,8,8,30420.0
1705,988320.0,CLOS,256,256,180.0
1706,988560.0,CLOS,256,256,360.0
1707,988560.0,CLOS,64,64,2220.0
1708,988980.0,CLOS,256,256,480.0
1709,989280.0,CLOS,8,8,480.0
1710,989340.0,CLOS,8,8,480.0
1711,989340.0,CLOS,64,64,2160.0
1712,989700.0,CLOS,8,8,1440.0
1713,989820.0,CLOS,2,2,180.0
1714,989820.0,CLOS,2,2,0.0
1715,989880.0,CLOS,8,8,120.0
1716,990120.0,CLOS,8,8,1380.0
1717,990780.0,CLOS,1,1,5760.0
1718,991620.0,CLOS,64,64,2460.0
1719,991680.0,CLOS,64,64,2760.0
1720,992040.0,CLOS,1,1,3120.0
1721,992160.0,CLOS,1,1,60.0
1722,992820.0,CLOS,4,4,1320.0
1723,992940.0,CLOS,1,1,3660.0
1724,993000.0,CLOS,8,8,60.0
1725,993060.0,CLOS,256,256,360.0
1726,993420.0,CLOS,8,8,60.0
1727,993660.0,CLOS,8,8,420.0
1728,993840.0,CLOS,8,8,300.0
1729,993900.0,CLOS,8,8,0.0
1730,994020.0,CLOS,256,256,1260.0
1731,994080.0,CLOS,8,8,60.0
1732,994260.0,CLOS,64,64,154740.0
1733,994320.0,CLOS,8,8,1800.0
1734,994320.0,CLOS,6,6,154860.0
1735,994380.0,CLOS,8,8,120.0
1736,994800.0,CLOS,1,1,3480.0
1737,994860.0,CLOS,8,8,180.0
1738,994860.0,CLOS,8,8,540.0
1739,995160.0,CLOS,8,8,180.0
1740,995460.0,CLOS,256,256,300.0
1741,995580.0,CLOS,8,8,180.0
1742,996300.0,CLOS,256,256,480.0
1743,996960.0,CLOS,8,8,480.0
1744,997080.0,CLOS,8,8,1080.0
1745,997140.0,CLOS,256,256,240.0
1746,997440.0,CLOS,256,256,240.0
1747,997620.0,CLOS,2,2,540.0
1748,997800.0,CLOS,256,256,420.0
1749,998340.0,CLOS,8,8,180.0
1750,998580.0,CLOS,8,8,72540.0
1751,998700.0,CLOS,16,16,360.0
1752,999420.0,CLOS,16,16,149820.0
1753,999480.0,CLOS,64,64,149640.0
1754,999900.0,CLOS,64,64,41640.0
1755,1000860.0,CLOS,8,8,180.0
1756,1001220.0,CLOS,8,8,180.0
1757,1001700.0,CLOS,16,16,34920.0
1758,1002120.0,CLOS,64,64,14220.0
1759,1004820.0,CLOS,32,32,0.0
1760,1005180.0,CLOS,32,32,420.0
1761,1005780.0,CLOS,32,32,60.0
1762,1006020.0,CLOS,32,32,420.0
1763,1006680.0,CLOS,32,32,2880.0
1764,1007280.0,CLOS,32,32,15420.0
1765,1007640.0,CLOS,32,32,24540.0
1766,1015500.0,CLOS,8,8,180.0
1767,1017960.0,CLOS,8,8,120.0
1768,1037220.0,CLOS,24,24,60.0
1769,1037820.0,CLOS,24,24,0.0
1770,1037940.0,CLOS,48,48,18480.0
1771,1038180.0,CLOS,24,24,1080.0
1772,1039380.0,CLOS,24,24,480.0
1773,1039980.0,CLOS,24,24,240.0
1774,1041060.0,CLOS,24,24,60.0
1775,1041180.0,CLOS,1,1,118200.0
1776,1041540.0,CLOS,24,24,120.0
1777,1041720.0,CLOS,24,24,89100.0
1778,1041720.0,CLOS,64,64,15900.0
1779,1041960.0,CLOS,6,6,7680.0
1780,1042620.0,CLOS,32,32,35280.0
1781,1043460.0,CLOS,8,8,0.0
1782,1043640.0,CLOS,1,1,1560.0
1783,1043700.0,CLOS,8,8,60.0
1784,1043940.0,CLOS,32,32,360.0
1785,1044060.0,CLOS,8,8,300.0
1786,1044660.0,CLOS,8,8,1800.0
1787,1044660.0,CLOS,256,256,360.0
1788,1044780.0,CLOS,8,8,60.0
1789,1045260.0,CLOS,256,256,300.0
1790,1045560.0,CLOS,32,32,60.0
1791,1045620.0,CLOS,8,8,240.0
1792,1045800.0,CLOS,256,256,360.0
1793,1045800.0,CLOS,8,8,0.0
1794,1045920.0,CLOS,1,1,180.0
1795,1046100.0,CLOS,1,1,2160.0
1796,1046100.0,CLOS,32,32,540.0
1797,1046280.0,CLOS,8,8,0.0
1798,1046280.0,CLOS,256,256,240.0
1799,1046520.0,CLOS,16,16,720.0
1800,1046820.0,CLOS,32,32,60.0
1801,1046820.0,CLOS,32,32,480.0
1802,1046880.0,CLOS,256,256,240.0
1803,1047000.0,CLOS,4,4,0.0
1804,1047420.0,CLOS,32,32,12240.0
1805,1047420.0,CLOS,32,32,1500.0
1806,1048680.0,CLOS,1,1,1260.0
1807,1048920.0,CLOS,8,8,0.0
1808,1049460.0,CLOS,16,16,240.0
1809,1049760.0,CLOS,6,6,9120.0
1810,1051740.0,CLOS,8,8,60.0
1811,1052040.0,CLOS,256,256,60.0
1812,1052220.0,CLOS,32,32,120.0
1813,1052220.0,CLOS,1,1,60.0
1814,1052400.0,CLOS,256,256,240.0
1815,1052460.0,CLOS,32,32,420.0
1816,1052760.0,CLOS,8,8,60.0
1817,1053000.0,CLOS,32,32,420.0
1818,1053660.0,CLOS,32,32,540.0
1819,1053900.0,CLOS,8,8,60.0
1820,1053960.0,CLOS,1,1,0.0
1821,1053960.0,CLOS,8,8,300.0
1822,1054440.0,CLOS,1,1,840.0
1823,1054500.0,CLOS,8,8,180.0
1824,1054680.0,CLOS,8,8,300.0
1825,1054920.0,CLOS,256,256,0.0
1826,1054980.0,CLOS,8,8,420.0
1827,1055160.0,CLOS,8,8,360.0
1828,1055280.0,CLOS,8,8,120.0
1829,1055580.0,CLOS,256,256,120.0
1830,1055880.0,CLOS,8,8,0.0
1831,1056060.0,CLOS,1,1,1200.0
1832,1056120.0,CLOS,8,8,420.0
1833,1056240.0,CLOS,256,256,120.0
1834,1056480.0,CLOS,256,256,360.0
1835,1056660.0,CLOS,32,32,120.0
1836,1056780.0,CLOS,8,8,780.0
1837,1056960.0,CLOS,256,256,300.0
1838,1057200.0,CLOS,32,32,180.0
1839,1057320.0,CLOS,32,32,120.0
1840,1057320.0,CLOS,8,8,1200.0
1841,1057320.0,CLOS,256,256,4980.0
1842,1057440.0,CLOS,1,1,1740.0
1843,1057560.0,CLOS,32,32,780.0
1844,1057680.0,CLOS,8,8,900.0
1845,1057920.0,CLOS,32,32,8880.0
1846,1058040.0,CLOS,32,32,360.0
1847,1058100.0,CLOS,32,32,8880.0
1848,1058100.0,CLOS,32,32,8880.0
1849,1058220.0,CLOS,32,32,60.0
1850,1058280.0,CLOS,32,32,60.0
1851,1058340.0,CLOS,64,64,2760.0
1852,1058400.0,CLOS,64,64,333360.0
1853,1058400.0,CLOS,32,32,1440.0
1854,1058520.0,CLOS,48,48,300.0
1855,1058700.0,CLOS,8,8,120.0
1856,1058700.0,CLOS,32,32,420.0
1857,1058820.0,CLOS,8,8,480.0
1858,1058880.0,CLOS,32,32,420.0
1859,1058940.0,CLOS,32,32,8880.0
1860,1059060.0,CLOS,8,8,1140.0
1861,1059120.0,CLOS,6,6,96600.0
1862,1059300.0,CLOS,40,40,780.0
1863,1059480.0,CLOS,8,8,180.0
1864,1059540.0,CLOS,16,16,60.0
1865,1059720.0,CLOS,48,48,5640.0
1866,1060080.0,CLOS,32,32,420.0
1867,1060320.0,CLOS,8,8,68640.0
1868,1060500.0,CLOS,32,32,300.0
1869,1060560.0,CLOS,32,32,420.0
1870,1060800.0,CLOS,80,80,360.0
1871,1060860.0,CLOS,32,32,8460.0
1872,1060980.0,CLOS,32,32,60.0
1873,1061160.0,CLOS,32,32,60.0
1874,1061160.0,CLOS,32,32,60.0
1875,1061220.0,CLOS,32,32,840.0
1876,1061220.0,CLOS,64,64,9360.0
1877,1061280.0,CLOS,32,32,240.0
1878,1061400.0,CLOS,8,8,60.0
1879,1061400.0,CLOS,1,1,120.0
1880,1061460.0,CLOS,32,32,60.0
1881,1061700.0,CLOS,32,32,360.0
1882,1061820.0,CLOS,32,32,360.0
1883,1061940.0,CLOS,16,16,360.0
1884,1062000.0,CLOS,32,32,8880.0
1885,1062060.0,CLOS,8,8,28800.0
1886,1062120.0,CLOS,32,32,480.0
1887,1062120.0,CLOS,32,32,300.0
1888,1062180.0,CLOS,32,32,60.0
1889,1062240.0,CLOS,1,1,0.0
1890,1062360.0,CLOS,24,24,120.0
1891,1062540.0,CLOS,48,48,120.0
1892,1062540.0,CLOS,1,1,60.0
1893,1062540.0,CLOS,32,32,60.0
1894,1062660.0,CLOS,32,32,6600.0
1895,1062720.0,CLOS,32,32,120.0
1896,1062720.0,CLOS,80,80,60.0
1897,1062720.0,CLOS,8,8,180.0
1898,1062780.0,CLOS,32,32,480.0
1899,1062960.0,CLOS,80,80,2280.0
1900,1063080.0,CLOS,8,8,180.0
1901,1063080.0,CLOS,32,32,60.0
1902,1063140.0,CLOS,1,1,240.0
1903,1063140.0,CLOS,32,32,360.0
1904,1063440.0,CLOS,8,8,6480.0
1905,1063440.0,CLOS,1,1,120.0
1906,1063440.0,CLOS,32,32,960.0
1907,1063440.0,CLOS,32,32,120.0
1908,1063620.0,CLOS,1,1,60.0
1909,1063800.0,CLOS,1,1,2280.0
1910,1063800.0,CLOS,32,32,360.0
1911,1064220.0,CLOS,32,32,7740.0
1912,1064760.0,CLOS,1,1,0.0
1913,1064880.0,CLOS,32,32,600.0
1914,1065180.0,CLOS,32,32,0.0
1915,1065360.0,CLOS,1,1,1080.0
1916,1065420.0,CLOS,32,32,180.0
1917,1065480.0,CLOS,80,80,120000.0
1918,1065480.0,CLOS,48,48,0.0
1919,1065540.0,CLOS,8,8,0.0
1920,1065540.0,CLOS,48,48,96480.0
1921,1065600.0,CLOS,32,32,120.0
1922,1065780.0,CLOS,8,8,1440.0
1923,1065900.0,CLOS,32,32,360.0
1924,1066260.0,CLOS,8,8,0.0
1925,1066320.0,CLOS,32,32,1500.0
1926,1066320.0,CLOS,8,8,1800.0
1927,1066440.0,CLOS,1,1,840.0
1928,1066500.0,CLOS,1,1,60.0
1929,1066620.0,CLOS,48,48,19320.0
1930,1066860.0,CLOS,32,32,6180.0
1931,1066860.0,CLOS,32,32,18780.0
1932,1066980.0,CLOS,48,48,8460.0
1933,1066980.0,CLOS,8,8,0.0
1934,1067160.0,CLOS,8,8,0.0
1935,1067280.0,CLOS,32,32,180.0
1936,1067340.0,CLOS,256,256,0.0
1937,1067640.0,CLOS,256,256,180.0
1938,1067880.0,CLOS,1,1,6540.0
1939,1067880.0,CLOS,32,32,12300.0
1940,1067940.0,CLOS,32,32,1380.0
1941,1068240.0,CLOS,8,8,53940.0
1942,1068300.0,CLOS,8,8,180.0
1943,1068420.0,CLOS,256,256,480.0
1944,1068480.0,CLOS,1,1,5520.0
1945,1068780.0,CLOS,128,128,180.0
1946,1068900.0,CLOS,32,32,32760.0
1947,1069020.0,CLOS,256,256,900.0
1948,1069200.0,CLOS,32,32,240.0
1949,1069380.0,CLOS,32,32,60.0
1950,1069620.0,CLOS,32,32,240.0
1951,1069920.0,CLOS,32,32,3540.0
1952,1069980.0,CLOS,32,32,60.0
1953,1072800.0,CLOS,256,256,540.0
1954,1072920.0,CLOS,32,32,720.0
1955,1073580.0,CLOS,32,32,240.0
1956,1073880.0,CLOS,4,4,120.0
1957,1074060.0,CLOS,32,32,360.0
1958,1074240.0,CLOS,2,2,0.0
1959,1074480.0,CLOS,1,1,300.0
1960,1074540.0,CLOS,8,8,30360.0
1961,1074540.0,CLOS,32,32,300.0
1962,1074600.0,CLOS,4,4,1380.0
1963,1074900.0,CLOS,1,1,1500.0
1964,1074960.0,CLOS,32,32,600.0
1965,1075020.0,CLOS,32,32,8400.0
1966,1075080.0,CLOS,16,16,3540.0
1967,1075380.0,CLOS,32,32,180.0
1968,1075500.0,CLOS,8,8,1020.0
1969,1075620.0,CLOS,32,32,360.0
1970,1075680.0,CLOS,8,8,4620.0
1971,1076040.0,CLOS,32,32,60.0
1972,1076040.0,CLOS,128,128,0.0
1973,1076040.0,CLOS,16,16,6060.0
1974,1076040.0,CLOS,8,8,4620.0
1975,1076160.0,CLOS,4,4,1980.0
1976,1076220.0,CLOS,32,32,60.0
1977,1076280.0,CLOS,128,128,660.0
1978,1076400.0,CLOS,32,32,180.0
1979,1076460.0,CLOS,1,1,2160.0
1980,1076580.0,CLOS,32,32,360.0
1981,1076640.0,CLOS,1,1,60.0
1982,1076640.0,CLOS,8,8,120.0
1983,1076940.0,CLOS,1,1,1740.0
1984,1076940.0,CLOS,32,32,180.0
1985,1077060.0,CLOS,32,32,120.0
1986,1077180.0,CLOS,4,4,1260.0
1987,1077360.0,CLOS,32,32,0.0
1988,1077360.0,CLOS,8,8,33900.0
1989,1077660.0,CLOS,32,32,600.0
1990,1077840.0,CLOS,8,8,33840.0
1991,1077840.0,CLOS,8,8,33900.0
1992,1077900.0,CLOS,4,4,0.0
1993,1077900.0,CLOS,1,1,1440.0
1994,1077900.0,CLOS,8,8,33780.0
1995,1078140.0,CLOS,32,32,1560.0
1996,1078380.0,CLOS,1,1,2100.0
1997,1078380.0,CLOS,4,4,3120.0
1998,1078740.0,CLOS,1,1,2520.0
1999,1078800.0,CLOS,1,1,2460.0
2000,1078800.0,CLOS,1,1,3840.0
2001,1078860.0,CLOS,1,1,2880.0
2002,1078860.0,CLOS,1,1,2640.0
2003,1079280.0,CLOS,4,4,0.0
2004,1079580.0,CLOS,4,4,37620.0
2005,1079940.0,CLOS,16,16,60.0
2006,1080360.0,CLOS,8,8,476580.0
2007,1080480.0,CLOS,8,8,120.0
2008,1080540.0,CLOS,256,256,480.0
2009,1080780.0,CLOS,8,8,180.0
2010,1081140.0,CLOS,256,256,540.0
2011,1081560.0,CLOS,4,4,2400.0
2012,1081860.0,CLOS,8,8,960.0
2013,1081920.0,CLOS,256,256,480.0
2014,1082580.0,CLOS,256,256,540.0
2015,1083780.0,CLOS,8,8,33960.0
2016,1084620.0,CLOS,8,8,0.0
2017,1084740.0,CLOS,32,32,8400.0
2018,1084980.0,CLOS,8,8,27000.0
2019,1085400.0,CLOS,16,16,5940.0
2020,1086360.0,CLOS,32,32,8340.0
2021,1086540.0,CLOS,32,32,8400.0
2022,1086600.0,CLOS,32,32,13500.0
2023,1086900.0,CLOS,8,8,180.0
2024,1089540.0,CLOS,32,32,540.0
2025,1090440.0,CLOS,8,8,8760.0
2026,1094640.0,CLOS,8,8,180.0
2027,1095420.0,CLOS,8,8,180.0
2028,1095840.0,CLOS,8,8,960.0
2029,1096860.0,CLOS,32,32,204660.0
2030,1099320.0,CLOS,8,8,180.0
2031,1104960.0,CLOS,8,8,120.0
2032,1111320.0,CLOS,8,8,180.0
2033,1111800.0,CLOS,8,8,180.0
2034,1111800.0,CLOS,8,8,180.0
2035,1111920.0,CLOS,8,8,120.0
2036,1120320.0,CLOS,8,8,1740.0
2037,1122180.0,CLOS,8,8,1440.0
2038,1123680.0,CLOS,8,8,3600.0
2039,1125180.0,CLOS,8,8,60.0
2040,1125840.0,CLOS,8,8,0.0
2041,1126380.0,CLOS,16,16,3420.0
2042,1126740.0,CLOS,8,8,0.0
2043,1126920.0,CLOS,72,72,240.0
2044,1127400.0,CLOS,32,32,360.0
2045,1127400.0,CLOS,4,4,3780.0
2046,1127400.0,CLOS,8,8,23520.0
2047,1127460.0,CLOS,8,8,0.0
2048,1127520.0,CLOS,72,72,240.0
2049,1127820.0,CLOS,256,256,360.0
2050,1127820.0,CLOS,8,8,10440.0
2051,1127940.0,CLOS,8,8,4380.0
2052,1128000.0,CLOS,8,8,540.0
2053,1128000.0,CLOS,8,8,0.0
2054,1128300.0,CLOS,8,8,120.0
2055,1128420.0,CLOS,72,72,540.0
2056,1128480.0,CLOS,8,8,0.0
2057,1128540.0,CLOS,256,256,300.0
2058,1128780.0,CLOS,8,8,360.0
2059,1128900.0,CLOS,8,8,180.0
2060,1128900.0,CLOS,32,32,660.0
2061,1129080.0,CLOS,256,256,300.0
2062,1129080.0,CLOS,8,8,87060.0
2063,1129140.0,CLOS,8,8,1740.0
2064,1129260.0,CLOS,8,8,180.0
2065,1129500.0,CLOS,32,32,8340.0
2066,1129740.0,CLOS,4,4,0.0
2067,1129920.0,CLOS,4,4,0.0
2068,1129920.0,CLOS,1,1,720.0
2069,1130100.0,CLOS,32,32,60.0
2070,1130400.0,CLOS,256,256,180.0
2071,1130580.0,CLOS,8,8,0.0
2072,1130700.0,CLOS,32,32,8400.0
2073,1130760.0,CLOS,256,256,300.0
2074,1130760.0,CLOS,32,32,180.0
2075,1131000.0,CLOS,2,2,300.0
2076,1131000.0,CLOS,8,8,0.0
2077,1131120.0,CLOS,4,4,0.0
2078,1131240.0,CLOS,256,256,240.0
2079,1131360.0,CLOS,4,4,0.0
2080,1131420.0,CLOS,1,1,31800.0
2081,1131540.0,CLOS,32,32,9360.0
2082,1131600.0,CLOS,72,72,120.0
2083,1131600.0,CLOS,4,4,0.0
2084,1131600.0,CLOS,32,32,60.0
2085,1131720.0,CLOS,256,256,180.0
2086,1131780.0,CLOS,2,2,300.0
2087,1131840.0,CLOS,4,4,0.0
2088,1132020.0,CLOS,512,512,360.0
2089,1132020.0,CLOS,72,72,6900.0
2090,1132080.0,CLOS,8,8,0.0
2091,1132200.0,CLOS,4,4,0.0
2092,1132260.0,CLOS,16,16,120.0
2093,1132440.0,CLOS,32,32,7320.0
2094,1132440.0,CLOS,32,32,60.0
2095,1132500.0,CLOS,512,512,240.0
2096,1132560.0,CLOS,8,8,0.0
2097,1132620.0,CLOS,32,32,9360.0
2098,1132680.0,CLOS,16,16,1260.0
2099,1132800.0,CLOS,32,32,60.0
2100,1132800.0,CLOS,512,512,240.0
2101,1132860.0,CLOS,16,16,65100.0
2102,1133160.0,CLOS,32,32,60.0
2103,1133220.0,CLOS,512,512,360.0
2104,1133520.0,CLOS,32,32,9420.0
2105,1133580.0,CLOS,8,8,0.0
2106,1133880.0,CLOS,8,8,5700.0
2107,1134060.0,CLOS,512,512,120.0
2108,1134180.0,CLOS,8,8,0.0
2109,1134180.0,CLOS,16,16,63780.0
2110,1134360.0,CLOS,512,512,480.0
2111,1134840.0,CLOS,32,32,8400.0
2112,1134840.0,CLOS,32,32,9420.0
2113,1135860.0,CLOS,32,32,14940.0
2114,1136160.0,CLOS,32,32,13320.0
2115,1136760.0,CLOS,32,32,16740.0
2116,1137240.0,CLOS,8,8,1560.0
2117,1137240.0,CLOS,8,8,1740.0
2118,1137300.0,CLOS,2,2,300.0
2119,1137360.0,CLOS,2,2,540.0
2120,1137540.0,CLOS,1,1,60.0
2121,1137660.0,CLOS,2,2,960.0
2122,1137660.0,CLOS,2,2,660.0
2123,1137660.0,CLOS,32,32,360.0
2124,1138320.0,CLOS,32,32,60.0
2125,1138380.0,CLOS,32,32,10740.0
2126,1138380.0,CLOS,2,2,660.0
2127,1138620.0,CLOS,32,32,2160.0
2128,1138740.0,CLOS,2,2,840.0
2129,1138860.0,CLOS,32,32,25920.0
2130,1138920.0,CLOS,32,32,25680.0
2131,1139100.0,CLOS,32,32,120.0
2132,1139220.0,CLOS,8,8,180.0
2133,1139940.0,CLOS,4,4,0.0
2134,1140300.0,CLOS,4,4,0.0
2135,1140480.0,CLOS,8,8,660.0
2136,1140840.0,CLOS,8,8,960.0
2137,1140900.0,CLOS,512,512,300.0
2138,1140900.0,CLOS,32,32,1020.0
2139,1140900.0,CLOS,1,1,1140.0
2140,1141080.0,CLOS,8,8,0.0
2141,1141260.0,CLOS,8,8,960.0
2142,1141620.0,CLOS,8,8,0.0
2143,1141620.0,CLOS,8,8,180.0
2144,1142040.0,CLOS,8,8,300.0
2145,1142220.0,CLOS,8,8,0.0
2146,1142220.0,CLOS,32,32,720.0
2147,1142340.0,CLOS,8,8,0.0
2148,1142520.0,CLOS,2,2,180.0
2149,1142580.0,CLOS,2,2,60.0
2150,1142760.0,CLOS,8,8,120.0
2151,1142820.0,CLOS,2,2,1680.0
2152,1142940.0,CLOS,8,8,420.0
2153,1143060.0,CLOS,32,32,360.0
2154,1143060.0,CLOS,32,32,240.0
2155,1143180.0,CLOS,8,8,240.0
2156,1143240.0,CLOS,8,8,60.0
2157,1143300.0,CLOS,8,8,1080.0
2158,1143420.0,CLOS,8,8,900.0
2159,1143420.0,CLOS,8,8,120.0
2160,1143420.0,CLOS,512,512,0.0
2161,1143480.0,CLOS,8,8,180.0
2162,1143480.0,CLOS,16,16,300.0
2163,1143660.0,CLOS,8,8,0.0
2164,1143780.0,CLOS,32,32,360.0
2165,1143840.0,CLOS,512,512,120.0
2166,1143960.0,CLOS,8,8,16320.0
2167,1144020.0,CLOS,8,8,60.0
2168,1144140.0,CLOS,8,8,1140.0
2169,1144260.0,CLOS,8,8,0.0
2170,1144260.0,CLOS,32,32,120.0
2171,1144260.0,CLOS,32,32,600.0
2172,1144320.0,CLOS,8,8,180.0
2173,1144440.0,CLOS,8,8,180.0
2174,1144560.0,CLOS,8,8,1140.0
2175,1144560.0,CLOS,512,512,660.0
2176,1144560.0,CLOS,8,8,120.0
2177,1144620.0,CLOS,8,8,20400.0
2178,1144860.0,CLOS,32,32,240.0
2179,1145160.0,CLOS,32,32,300.0
2180,1145220.0,CLOS,1,1,60.0
2181,1145400.0,CLOS,8,8,180.0
2182,1145520.0,CLOS,32,32,1140.0
2183,1145820.0,CLOS,8,8,180.0
2184,1145880.0,CLOS,1,1,0.0
2185,1145880.0,CLOS,1,1,4500.0
2186,1146300.0,CLOS,1,1,60.0
2187,1146360.0,CLOS,8,8,0.0
2188,1146420.0,CLOS,8,8,39000.0
2189,1146540.0,CLOS,72,72,600.0
2190,1147080.0,CLOS,32,32,960.0
2191,1147200.0,CLOS,8,8,2940.0
2192,1147260.0,CLOS,8,8,1380.0
2193,1147260.0,CLOS,2,2,1740.0
2194,1147320.0,CLOS,2,2,1680.0
2195,1147320.0,CLOS,72,72,236580.0
2196,1147440.0,CLOS,2,2,1740.0
2197,1147440.0,CLOS,2,2,420.0
2198,1147860.0,CLOS,8,8,0.0
2199,1147980.0,CLOS,8,8,240.0
2200,1148100.0,CLOS,8,8,62820.0
2201,1148160.0,CLOS,32,32,660.0
2202,1148340.0,CLOS,8,8,1260.0
2203,1148460.0,CLOS,8,8,1080.0
2204,1148520.0,CLOS,8,8,0.0
2205,1148640.0,CLOS,32,32,60.0
2206,1148880.0,CLOS,32,32,180.0
2207,1148940.0,CLOS,32,32,540.0
2208,1149060.0,CLOS,8,8,720.0
2209,1149120.0,CLOS,512,512,600.0
2210,1149120.0,CLOS,2,2,1740.0
2211,1149120.0,CLOS,2,2,1740.0
2212,1149180.0,CLOS,32,32,120.0
2213,1149240.0,CLOS,2,2,1680.0
2214,1149300.0,CLOS,2,2,420.0
2215,1149360.0,CLOS,8,8,60.0
2216,1149420.0,CLOS,32,32,60.0
2217,1149480.0,CLOS,32,32,0.0
2218,1149660.0,CLOS,8,8,5700.0
2219,1149660.0,CLOS,8,8,180.0
2220,1149960.0,CLOS,8,8,120.0
2221,1149960.0,CLOS,8,8,60.0
2222,1150080.0,CLOS,32,32,120.0
2223,1150320.0,CLOS,32,32,60.0
2224,1150560.0,CLOS,32,32,540.0
2225,1150740.0,CLOS,32,32,180.0
2226,1150800.0,CLOS,8,8,360.0
2227,1151100.0,CLOS,8,8,360.0
2228,1151100.0,CLOS,32,32,780.0
2229,1151640.0,CLOS,8,8,60.0
2230,1151820.0,CLOS,8,8,660.0
2231,1151940.0,CLOS,32,32,60.0
2232,1152000.0,CLOS,8,8,120.0
2233,1152240.0,CLOS,32,32,240.0
2234,1152240.0,CLOS,8,8,60.0
2235,1152420.0,CLOS,60,60,0.0
2236,1152420.0,CLOS,8,8,120.0
2237,1152540.0,CLOS,32,32,240.0
2238,1152720.0,CLOS,8,8,0.0
2239,1152780.0,CLOS,1,1,2100.0
2240,1152840.0,CLOS,8,8,0.0
2241,1152840.0,CLOS,32,32,360.0
2242,1153140.0,CLOS,8,8,60.0
2243,1153200.0,CLOS,48,48,1080.0
2244,1153320.0,CLOS,8,8,60.0
2245,1153440.0,CLOS,32,32,180.0
2246,1153500.0,CLOS,8,8,60.0
2247,1153560.0,CLOS,48,48,120.0
2248,1153620.0,CLOS,8,8,60.0
2249,1153680.0,CLOS,32,32,240.0
2250,1153740.0,CLOS,32,32,360.0
2251,1153980.0,CLOS,8,8,120.0
2252,1154100.0,CLOS,32,32,480.0
2253,1154160.0,CLOS,32,32,600.0
2254,1154160.0,CLOS,16,16,86400.0
2255,1154280.0,CLOS,48,48,240.0
2256,1154340.0,CLOS,32,32,180.0
2257,1154520.0,CLOS,32,32,180.0
2258,1154580.0,CLOS,32,32,660.0
2259,1154640.0,CLOS,8,8,0.0
2260,1154820.0,CLOS,2,2,0.0
2261,1154880.0,CLOS,32,32,540.0
2262,1154940.0,CLOS,8,8,60.0
2263,1154940.0,CLOS,2,2,0.0
2264,1155180.0,CLOS,48,48,38640.0
2265,1155240.0,CLOS,1,1,1380.0
2266,1155660.0,CLOS,1,1,720.0
2267,1155660.0,CLOS,2,2,0.0
2268,1155720.0,CLOS,32,32,600.0
2269,1156020.0,CLOS,8,8,189000.0
2270,1156440.0,CLOS,32,32,180.0
2271,1156560.0,CLOS,8,8,0.0
2272,1156860.0,CLOS,32,32,1980.0
2273,1156860.0,CLOS,32,32,60.0
2274,1156920.0,CLOS,16,16,480.0
2275,1157280.0,CLOS,60,60,0.0
2276,1157400.0,CLOS,8,8,60.0
2277,1157400.0,CLOS,2,2,0.0
2278,1157400.0,CLOS,60,60,0.0
2279,1157580.0,CLOS,8,8,60.0
2280,1157640.0,CLOS,16,16,234840.0
2281,1157760.0,CLOS,2,2,0.0
2282,1157820.0,CLOS,8,8,120.0
2283,1158000.0,CLOS,16,16,120.0
2284,1158120.0,CLOS,8,8,540.0
2285,1158120.0,CLOS,32,32,540.0
2286,1158300.0,CLOS,2,2,300.0
2287,1158780.0,CLOS,16,16,2940.0
2288,1159260.0,CLOS,4,4,240.0
2289,1159380.0,CLOS,32,32,180.0
2290,1159620.0,CLOS,6,6,240.0
2291,1159620.0,CLOS,32,32,60.0
2292,1159920.0,CLOS,4,4,240.0
2293,1160100.0,CLOS,60,60,240.0
2294,1160460.0,CLOS,8,8,120.0
2295,1160460.0,CLOS,60,60,180.0
2296,1160640.0,CLOS,4,4,300.0
2297,1160640.0,CLOS,8,8,480.0
2298,1160640.0,CLOS,60,60,180.0
2299,1161300.0,CLOS,8,8,180.0
2300,1161360.0,CLOS,32,32,60.0
2301,1161420.0,CLOS,60,60,480.0
2302,1161600.0,CLOS,6,6,420.0
2303,1161660.0,CLOS,60,60,3180.0
2304,1161660.0,CLOS,60,60,540.0
2305,1161660.0,CLOS,32,32,540.0
2306,1161660.0,CLOS,60,60,540.0
2307,1161660.0,CLOS,60,60,540.0
2308,1161660.0,CLOS,60,60,540.0
2309,1161660.0,CLOS,60,60,0.0
2310,1161660.0,CLOS,91,91,3360.0
2311,1161660.0,CLOS,60,60,540.0
2312,1161780.0,CLOS,1,1,720.0
2313,1161900.0,CLOS,32,32,1200.0
2314,1162200.0,CLOS,6,6,53880.0
2315,1162200.0,CLOS,32,32,120.0
2316,1162440.0,CLOS,59,59,0.0
2317,1162620.0,CLOS,32,32,60.0
2318,1162980.0,CLOS,32,32,60.0
2319,1163760.0,CLOS,88,88,1020.0
2320,1163820.0,CLOS,32,32,300.0
2321,1164180.0,CLOS,32,32,5760.0
2322,1164180.0,CLOS,16,16,60.0
2323,1164300.0,CLOS,88,88,12840.0
2324,1164360.0,CLOS,2,2,420.0
2325,1164360.0,CLOS,2,2,420.0
2326,1164720.0,CLOS,16,16,60.0
2327,1164960.0,CLOS,16,16,15240.0
2328,1165080.0,CLOS,32,32,13320.0
2329,1165140.0,CLOS,8,8,120.0
2330,1167000.0,CLOS,2,2,0.0
2331,1167300.0,CLOS,2,2,300.0
2332,1167300.0,CLOS,2,2,120.0
2333,1168320.0,CLOS,60,60,0.0
2334,1168440.0,CLOS,2,2,60.0
2335,1168500.0,CLOS,118,118,3720.0
2336,1170060.0,CLOS,32,32,900.0
2337,1171080.0,CLOS,32,32,45180.0
2338,1171200.0,CLOS,32,32,11940.0
2339,1171680.0,CLOS,32,32,10380.0
2340,1172280.0,CLOS,6,6,23640.0
2341,1174500.0,CLOS,60,60,480.0
2342,1175340.0,CLOS,32,32,23580.0
2343,1175820.0,CLOS,32,32,13440.0
2344,1176360.0,CLOS,32,32,15060.0
2345,1180740.0,CLOS,80,80,420.0
2346,1181820.0,CLOS,8,8,240.0
2347,1182120.0,CLOS,8,8,120.0
2348,1185540.0,CLOS,8,8,180.0
2349,1200120.0,CLOS,60,60,720.0
2350,1200180.0,CLOS,60,60,480.0
2351,1200180.0,CLOS,60,60,420.0
2352,1200240.0,CLOS,60,60,540.0
2353,1200240.0,CLOS,60,60,540.0
2354,1200240.0,CLOS,60,60,600.0
2355,1200300.0,CLOS,60,60,480.0
2356,1200300.0,CLOS,60,60,540.0
2357,1201620.0,CLOS,60,60,540.0
2358,1202640.0,CLOS,60,60,0.0
2359,1203060.0,CLOS,60,60,1440.0
2360,1203900.0,CLOS,128,128,311940.0
2361,1207140.0,CLOS,32,32,12060.0
2362,1211100.0,CLOS,8,8,5220.0
2363,1214700.0,CLOS,60,60,1620.0
2364,1215000.0,CLOS,8,8,780.0
2365,1215420.0,CLOS,60,60,120.0
2366,1216320.0,CLOS,8,8,60.0
2367,1216560.0,CLOS,8,8,86400.0
2368,1218600.0,CLOS,8,8,360.0
2369,1219440.0,CLOS,8,8,1200.0
2370,1220280.0,CLOS,64,64,3540.0
2371,1220760.0,CLOS,8,8,3540.0
2372,1221780.0,CLOS,8,8,540.0
2373,1222260.0,CLOS,8,8,480.0
2374,1222440.0,CLOS,8,8,120.0
2375,1223940.0,CLOS,64,64,4380.0
2376,1224660.0,CLOS,8,8,240.0
2377,1225200.0,CLOS,8,8,1080.0
2378,1226580.0,CLOS,8,8,1800.0
2379,1226580.0,CLOS,8,8,180.0
2380,1227300.0,CLOS,8,8,240.0
2381,1227780.0,CLOS,8,8,240.0
2382,1228440.0,CLOS,64,64,78180.0
2383,1228740.0,CLOS,1,1,60.0
2384,1228920.0,CLOS,1,1,180.0
2385,1229280.0,CLOS,1,1,4620.0
2386,1229580.0,CLOS,60,60,0.0
2387,1229760.0,CLOS,60,60,37320.0
2388,1229880.0,CLOS,8,8,30900.0
2389,1229880.0,CLOS,8,8,60.0
2390,1230060.0,CLOS,8,8,240.0
2391,1230180.0,CLOS,8,8,3720.0
2392,1230360.0,CLOS,60,60,61260.0
2393,1230900.0,CLOS,8,8,240.0
2394,1231740.0,CLOS,8,8,0.0
2395,1232160.0,CLOS,8,8,60.0
2396,1232760.0,CLOS,8,8,0.0
2397,1233480.0,CLOS,8,8,0.0
2398,1233960.0,CLOS,32,32,0.0
2399,1234080.0,CLOS,8,8,1140.0
2400,1234200.0,CLOS,8,8,0.0
2401,1234260.0,CLOS,8,8,0.0
2402,1234560.0,CLOS,8,8,60.0
2403,1234620.0,CLOS,8,8,60.0
2404,1234800.0,CLOS,8,8,480.0
2405,1235040.0,CLOS,8,8,240.0
2406,1235100.0,CLOS,8,8,60.0
2407,1235340.0,CLOS,8,8,136200.0
2408,1235400.0,CLOS,32,32,60.0
2409,1235880.0,CLOS,8,8,180.0
2410,1236120.0,CLOS,32,32,60.0
2411,1236480.0,CLOS,8,8,0.0
2412,1236660.0,CLOS,32,32,0.0
2413,1236780.0,CLOS,8,8,238620.0
2414,1236960.0,CLOS,32,32,300.0
2415,1237380.0,CLOS,32,32,540.0
2416,1237380.0,CLOS,8,8,240.0
2417,1237620.0,CLOS,2,2,540.0
2418,1238400.0,CLOS,32,32,60.0
2419,1238460.0,CLOS,8,8,240.0
2420,1238640.0,CLOS,32,32,420.0
2421,1239000.0,CLOS,48,48,0.0
2422,1239600.0,CLOS,32,32,180.0
2423,1239780.0,CLOS,8,8,240.0
2424,1240080.0,CLOS,6,6,7680.0
2425,1240320.0,CLOS,8,8,600.0
2426,1240740.0,CLOS,32,32,180.0
2427,1241280.0,CLOS,32,32,420.0
2428,1241340.0,CLOS,8,8,180.0
2429,1241760.0,CLOS,32,32,24360.0
2430,1243800.0,CLOS,8,8,0.0
2431,1246620.0,CLOS,8,8,1080.0
2432,1247820.0,CLOS,6,6,2520.0
2433,1247880.0,CLOS,8,8,120.0
2434,1248480.0,CLOS,8,8,240.0
2435,1249980.0,CLOS,8,8,5460.0
2436,1250280.0,CLOS,8,8,5460.0
2437,1250460.0,CLOS,4,4,1260.0
2438,1251720.0,CLOS,6,6,60.0
2439,1252440.0,CLOS,6,6,1500.0
2440,1252860.0,CLOS,32,32,360.0
2441,1253400.0,CLOS,32,32,420.0
2442,1253820.0,CLOS,32,32,4500.0
2443,1254120.0,CLOS,4,4,4620.0
2444,1254240.0,CLOS,32,32,4500.0
2445,1254660.0,CLOS,32,32,3600.0
2446,1255380.0,CLOS,32,32,3000.0
2447,1255440.0,CLOS,48,48,118920.0
2448,1255500.0,CLOS,8,8,120.0
2449,1255860.0,CLOS,8,8,180.0
2450,1256520.0,CLOS,32,32,10560.0
2451,1257060.0,CLOS,32,32,13440.0
2452,1257360.0,CLOS,32,32,12300.0
2453,1257660.0,CLOS,32,32,15420.0
2454,1258080.0,CLOS,32,32,1980.0
2455,1258200.0,CLOS,1,1,0.0
2456,1258440.0,CLOS,1,1,960.0
2457,1258800.0,CLOS,4,4,3660.0
2458,1259580.0,CLOS,4,4,360.0
2459,1259820.0,CLOS,3,3,57060.0
2460,1260120.0,CLOS,4,4,1380.0
2461,1260840.0,CLOS,8,8,120.0
2462,1262520.0,CLOS,4,4,69060.0
2463,1264980.0,CLOS,32,32,60.0
2464,1266840.0,CLOS,32,32,180.0
2465,1267320.0,CLOS,32,32,60.0
2466,1267620.0,CLOS,32,32,180.0
2467,1268400.0,CLOS,8,8,5400.0
2468,1268520.0,CLOS,32,32,720.0
2469,1268820.0,CLOS,8,8,5400.0
2470,1269360.0,CLOS,32,32,118200.0
2471,1274340.0,CLOS,8,8,120.0
2472,1295220.0,CLOS,8,8,8280.0
2473,1303680.0,CLOS,8,8,180.0
2474,1305240.0,CLOS,16,16,240.0
2475,1305240.0,CLOS,16,16,120.0
2476,1305300.0,CLOS,16,16,120.0
2477,1305300.0,CLOS,16,16,120.0
2478,1306200.0,CLOS,16,16,180.0
2479,1306740.0,CLOS,64,64,376500.0
2480,1307700.0,CLOS,32,32,23820.0
2481,1314420.0,CLOS,8,8,8340.0
2482,1318500.0,CLOS,32,32,9360.0
2483,1318920.0,CLOS,32,32,8340.0
2484,1318920.0,CLOS,32,32,8340.0
2485,1320060.0,CLOS,3,3,51240.0
2486,1322880.0,CLOS,8,8,180.0
2487,1326420.0,CLOS,16,16,240.0
2488,1342560.0,CLOS,8,8,1620.0
2489,1342920.0,CLOS,8,8,300.0
2490,1343280.0,CLOS,8,8,600.0
2491,1344660.0,CLOS,32,32,9900.0
2492,1345200.0,CLOS,8,8,11400.0
2493,1348140.0,CLOS,56,56,39060.0
2494,1348680.0,CLOS,1,1,720.0
2495,1349580.0,CLOS,32,32,397740.0
2496,1374420.0,CLOS,48,48,720.0
2497,1375200.0,CLOS,48,48,74400.0